time_s,tes_temperature_K,tes_current_A,tes_resistance_ohm,tes_power_W
  1.0000000000000000E-03,  1.6858071804609073E-01,  1.4316385321947497E-04,  1.5577714040521065E-02,  3.1929082497369798E-10
  2.0000000000000000E-03,  1.6858071288670240E-01,  1.4316490681346670E-04,  1.5577538519086970E-02,  3.1929061242775811E-10
  3.0000000000000001E-03,  1.6858071146107037E-01,  1.4316508611284914E-04,  1.5577514200610328E-02,  3.1929041015862931E-10
  4.0000000000000001E-03,  1.6858070226381200E-01,  1.4316513564239364E-04,  1.5577507473300389E-02,  3.1929021359553528E-10
  5.0000000000000001E-03,  1.6858069499348147E-01,  1.4316545503539752E-04,  1.5577463997037626E-02,  3.1929003163349169E-10
  6.0000000000000001E-03,  1.6858068144776894E-01,  1.4316570754761338E-04,  1.5577429648903268E-02,  3.1928986175608561E-10
  7.0000000000000001E-03,  1.6858068511648358E-01,  1.4316617797282589E-04,  1.5577365629911896E-02,  3.1928971099774349E-10
  8.0000000000000002E-03,  1.6858068025509848E-01,  1.4316605063106509E-04,  1.5577383005781091E-02,  3.1928955901781080E-10
  9.0000000000000011E-03,  1.6858067888679895E-01,  1.4316621943329298E-04,  1.5577360015244450E-02,  3.1928941571113221E-10
  1.0000000000000002E-02,  1.6858067825133649E-01,  1.4316626697071744E-04,  1.5577353558332535E-02,  3.1928927686432248E-10
  1.1000000000000003E-02,  1.6858066119588175E-01,  1.4316628904404162E-04,  1.5577350557509272E-02,  3.1928914153339075E-10
  1.2000000000000004E-02,  1.6858066898679025E-01,  1.4316688132179334E-04,  1.5577269931216352E-02,  3.1928902869240205E-10
  1.3000000000000005E-02,  1.6858066080354750E-01,  1.4316661084607816E-04,  1.5577306802525580E-02,  3.1928890909499580E-10
  1.4000000000000005E-02,  1.6858065897423222E-01,  1.4316689498681349E-04,  1.5577268098619500E-02,  3.1928880137053040E-10
  1.5000000000000006E-02,  1.6858066229147115E-01,  1.4316695854833979E-04,  1.5577259470289484E-02,  3.1928869793356354E-10
  1.6000000000000007E-02,  1.6858065800474686E-01,  1.4316684336041822E-04,  1.5577275156488907E-02,  3.1928859272021226E-10
  1.7000000000000008E-02,  1.6858065565083444E-01,  1.4316699220861623E-04,  1.5577254883624957E-02,  3.1928849457871139E-10
  1.8000000000000009E-02,  1.6858065390454349E-01,  1.4316707397048022E-04,  1.5577243766044212E-02,  3.1928840113618830E-10
  1.9000000000000010E-02,  1.6858064884447224E-01,  1.4316713462333549E-04,  1.5577235516310045E-02,  3.1928831159124384E-10
  2.0000000000000011E-02,  1.6858064288455255E-01,  1.4316731034949169E-04,  1.5577211599711177E-02,  3.1928822970871002E-10
  2.0018000000000011E-02,  1.6858064352553892E-01,  1.4316751592242163E-04,  1.5577182666465850E-02,  3.1928786087165819E-10
  2.0019000000000012E-02,  1.6858064358577673E-01,  1.4316749743783198E-04,  1.5577187750462095E-02,  3.1928753109427599E-10
  2.0020000000000013E-02,  1.6858064364223027E-01,  1.4316749350733938E-04,  1.5577187034793667E-02,  3.1928723107461614E-10
  2.0020001000000013E-02,  1.6858064367015654E-01,  1.4316749348037156E-04,  1.5577189017716861E-02,  3.1928618625004362E-10
  2.0020011000000015E-02,  1.6858064367026815E-01,  1.4316749323093979E-04,  1.5577188877667354E-02,  3.1928602436885020E-10
  2.0020021000000016E-02,  1.6858064366563599E-01,  1.4316749299952188E-04,  1.5577188754385816E-02,  3.1928587831986759E-10
  2.0020031000000018E-02,  1.6858064366067907E-01,  1.4316749279688306E-04,  1.5577188534703648E-02,  3.1928574633511936E-10
  2.0020041000000020E-02,  1.6858064365565023E-01,  1.4316749262173952E-04,  1.5577188322310219E-02,  3.1928562703538542E-10
  2.0020051000000021E-02,  1.6858064365090253E-01,  1.4316749247225732E-04,  1.5577188122180709E-02,  3.1928551918874736E-10
  2.0020061000000023E-02,  1.6858064364643680E-01,  1.4316749234583777E-04,  1.5577187941241084E-02,  3.1928542169951558E-10
  2.0020071000000025E-02,  1.6858064364123831E-01,  1.4316749224007035E-04,  1.5577187778199414E-02,  3.1928533357784620E-10
  2.0020081000000026E-02,  1.6858064363642200E-01,  1.4316749215530724E-04,  1.5577187609277121E-02,  3.1928525388429806E-10
  2.0020091000000028E-02,  1.6858064363052069E-01,  1.4316749208903378E-04,  1.5577187459443101E-02,  3.1928518182343107E-10
  2.0020101000000030E-02,  1.6858064362509240E-01,  1.4316749204265787E-04,  1.5577187294805318E-02,  3.1928511661050886E-10
  2.0020201000000029E-02,  1.6858064358723512E-01,  1.4316749194858623E-04,  1.5577186989992144E-02,  3.1928488371657660E-10
  2.0020301000000029E-02,  1.6858064353623969E-01,  1.4316749254859225E-04,  1.5577186312059094E-02,  3.1928476363866491E-10
  2.0020401000000028E-02,  1.6858064349171445E-01,  1.4316749352908867E-04,  1.5577185851775595E-02,  3.1928476363866491E-10
  2.0020501000000027E-02,  1.6858064344393803E-01,  1.4316749479971835E-04,  1.5577185429649920E-02,  3.1928476363866491E-10
  2.0020601000000027E-02,  1.6858064341155274E-01,  1.4316749612509276E-04,  1.5577185202306616E-02,  3.1928476363866491E-10
  2.0020701000000026E-02,  1.6858064337926359E-01,  1.4316749739479002E-04,  1.5577185077405110E-02,  3.1928476363866491E-10
  2.0020801000000026E-02,  1.6858064334873477E-01,  1.4316749866320985E-04,  1.5577184905940705E-02,  3.1928476363866491E-10
  2.0020901000000025E-02,  1.6858064333372971E-01,  1.4316749981087843E-04,  1.5577184853547921E-02,  3.1928476363866491E-10
  2.0021001000000024E-02,  1.6858064331756106E-01,  1.4316750077981357E-04,  1.5577184875285276E-02,  3.1928476363866491E-10
  2.0026001000000026E-02,  1.6858107165753658E-01,  1.4316750224160549E-04,  1.5577185483743351E-02,  3.1928476363866491E-10
  2.0031001000000027E-02,  1.6858195716974411E-01,  1.4315303439100337E-04,  1.5579402604180712E-02,  3.1927152874836418E-10
  2.0036001000000029E-02,  1.6858317027310643E-01,  1.4312293139282260E-04,  1.5583768437650712E-02,  3.1922945911044430E-10
  2.0041001000000030E-02,  1.6858458868384882E-01,  1.4308132356964716E-04,  1.5589632089457260E-02,  3.1916798007021160E-10
  2.0046001000000032E-02,  1.6858611578832378E-01,  1.4303244938855376E-04,  1.5596416669129989E-02,  3.1909184021972994E-10
  2.0051001000000034E-02,  1.6858768131759208E-01,  1.4297970393104526E-04,  1.5603675536846412E-02,  3.1900679260184821E-10
  2.0056001000000035E-02,  1.6858923928463976E-01,  1.4292548557433925E-04,  1.5611099549191716E-02,  3.1891745728238891E-10
  2.0061001000000037E-02,  1.6859075837624146E-01,  1.4287146724612071E-04,  1.5618473064208944E-02,  3.1882714997850023E-10
  2.0066001000000038E-02,  1.6859221830766793E-01,  1.4281873168438500E-04,  1.5625658130366683E-02,  3.1873812284935781E-10
  2.0071001000000040E-02,  1.6859360742478482E-01,  1.4276799759133316E-04,  1.5632562289282906E-02,  3.1865186889234605E-10
  2.0076001000000041E-02,  1.6859491779344932E-01,  1.4271973694963887E-04,  1.5639124586269239E-02,  3.1856936129295548E-10
  2.0081001000000043E-02,  1.6859489031568181E-01,  1.4267325765275393E-04,  1.5645459218835686E-02,  3.1852149271661522E-10
  2.0086001000000044E-02,  1.6859614535170356E-01,  1.4267303955188391E-04,  1.5644691451772746E-02,  3.1848925740837388E-10
  2.0091001000000046E-02,  1.6859734884168134E-01,  1.4263058359090488E-04,  1.5651237690103875E-02,  3.1844497558136055E-10
  2.0096001000000047E-02,  1.6859848753720327E-01,  1.4258883317368987E-04,  1.5656950175961568E-02,  3.1838771888494885E-10
  2.0101001000000049E-02,  1.6859954899149596E-01,  1.4254929592323037E-04,  1.5662336268135083E-02,  3.1832555912430674E-10
  2.0106001000000050E-02,  1.6860052924344016E-01,  1.4251242916798939E-04,  1.5667350781248604E-02,  3.1826310100240761E-10
  2.0111001000000052E-02,  1.6860142637180200E-01,  1.4247837730532725E-04,  1.5671978712294629E-02,  3.1820282399460350E-10
  2.0116001000000053E-02,  1.6860224390554931E-01,  1.4244720805949140E-04,  1.5676211526589837E-02,  3.1814603918617414E-10
  2.0121001000000055E-02,  1.6860298520069059E-01,  1.4241880308247319E-04,  1.5680068192460761E-02,  3.1809333646698812E-10
  2.0126001000000057E-02,  1.6860365392369764E-01,  1.4239304537733873E-04,  1.5683564327632668E-02,  3.1804491326900803E-10
  2.0131001000000058E-02,  1.6860425501717438E-01,  1.4236980757993697E-04,  1.5686717242810802E-02,  3.1800076402136787E-10
  2.0136001000000060E-02,  1.6860479327060562E-01,  1.4234891903025138E-04,  1.5689550836277266E-02,  3.1796075096673926E-10
  2.0141001000000061E-02,  1.6860527235615697E-01,  1.4233021325909704E-04,  1.5692087669543414E-02,  3.1792466533499364E-10
  2.0146001000000063E-02,  1.6860569699844774E-01,  1.4231356173095608E-04,  1.5694344550457991E-02,  3.1789228867649043E-10
  2.0151001000000064E-02,  1.6860607146735129E-01,  1.4229880134579274E-04,  1.5696344341448322E-02,  3.1786338130263352E-10
  2.0156001000000066E-02,  1.6860639930242854E-01,  1.4228578357154714E-04,  1.5698107089331628E-02,  3.1783769645351338E-10
  2.0161001000000067E-02,  1.6860668431478495E-01,  1.4227438495876735E-04,  1.5699649236899406E-02,  3.1781500298416253E-10
  2.0166001000000069E-02,  1.6860693044025404E-01,  1.4226447354182827E-04,  1.5700989007742652E-02,  3.1779507623740580E-10
  2.0171001000000070E-02,  1.6860714046989603E-01,  1.4225591296420433E-04,  1.5702145182693590E-02,  3.1777769034627638E-10
  2.0176001000000072E-02,  1.6860731735097267E-01,  1.4224860546493533E-04,  1.5703130500534707E-02,  3.1776264367936649E-10
  2.0181001000000073E-02,  1.6860746381655917E-01,  1.4224244898181874E-04,  1.5703959049558347E-02,  3.1774975058979046E-10
  2.0186001000000075E-02,  1.6860758094066500E-01,  1.4223734860061761E-04,  1.5704643747736780E-02,  3.1773883739586543E-10
  2.0191001000000076E-02,  1.6860767260156134E-01,  1.4223326564672325E-04,  1.5705188922489038E-02,  3.1772977500583548E-10
  2.0196001000000078E-02,  1.6860774093590900E-01,  1.4223006811206842E-04,  1.5705614360938654E-02,  3.1772240441785332E-10
  2.0201001000000079E-02,  1.6860778778207100E-01,  1.4222768052736431E-04,  1.5705929472511287E-02,  3.1771657290740651E-10
  2.0206001000000081E-02,  1.6860781521242110E-01,  1.4222603890651868E-04,  1.5706142868255550E-02,  3.1771214840210470E-10
  2.0211001000000083E-02,  1.6860782475176578E-01,  1.4222507164810339E-04,  1.5706264543533369E-02,  3.1770900609519850E-10
  2.0216001000000084E-02,  1.6860781835849656E-01,  1.4222472546495890E-04,  1.5706301523834267E-02,  3.1770703564666867E-10
  2.0221001000000086E-02,  1.6860779685135385E-01,  1.4222493287911674E-04,  1.5706263355604745E-02,  3.1770612771738616E-10
  2.0226001000000087E-02,  1.6860776141420764E-01,  1.4222566456387946E-04,  1.5706153422493263E-02,  3.1770612771738616E-10
  2.0231001000000089E-02,  1.6860771413724021E-01,  1.4222687980347971E-04,  1.5705977536479433E-02,  3.1770713202148344E-10
  2.0236001000000090E-02,  1.6860765580020845E-01,  1.4222850698456812E-04,  1.5705746107122394E-02,  3.1770892822502015E-10
  2.0241001000000092E-02,  1.6860758754943861E-01,  1.4223051799924777E-04,  1.5705462260347226E-02,  3.1771144753078809E-10
  2.0246001000000093E-02,  1.6860751019358911E-01,  1.4223287343267564E-04,  1.5705131629107319E-02,  3.1771462441863726E-10
  2.0251001000000095E-02,  1.6860742462599659E-01,  1.4223554499777851E-04,  1.5704757924563786E-02,  3.1771840042431431E-10
  2.0256001000000096E-02,  1.6860733167447600E-01,  1.4223850182205186E-04,  1.5704345451422456E-02,  3.1772272084008492E-10
  2.0261001000000098E-02,  1.6860723323316215E-01,  1.4224171518230179E-04,  1.5703898136070420E-02,  3.1772753381299642E-10
  2.0266001000000099E-02,  1.6860712889990820E-01,  1.4224512038350811E-04,  1.5703425521290011E-02,  3.1773276538990865E-10
  2.0271001000000101E-02,  1.6860701962820207E-01,  1.4224872941717701E-04,  1.5702924632101892E-02,  3.1773837523633287E-10
  2.0276001000000102E-02,  1.6860690508411291E-01,  1.4225251037271395E-04,  1.5702400629298494E-02,  3.1774432406999899E-10
  2.0281001000000104E-02,  1.6860678611288363E-01,  1.4225647374814971E-04,  1.5701851336714291E-02,  3.1775059363455345E-10
  2.0286001000000106E-02,  1.6860666336636845E-01,  1.4226059125217958E-04,  1.5701281327427104E-02,  3.1775715783193367E-10
  2.0291001000000107E-02,  1.6860653759563715E-01,  1.4226484016682524E-04,  1.5700693638709913E-02,  3.1776398356103259E-10
  2.0296001000000109E-02,  1.6860640950805653E-01,  1.4226919455890852E-04,  1.5700091902121953E-02,  3.1777103305951440E-10
  2.0301001000000110E-02,  1.6860627921427471E-01,  1.4227362989116567E-04,  1.5699479476384649E-02,  3.1777826660090999E-10
  2.0306001000000112E-02,  1.6860614726170806E-01,  1.4227814182121650E-04,  1.5698856612535936E-02,  3.1778565713919549E-10
  2.0311001000000113E-02,  1.6860601301874778E-01,  1.4228271174857480E-04,  1.5698226121148059E-02,  3.1779317803048037E-10
  2.0316001000000115E-02,  1.6860587758666917E-01,  1.4228736055634590E-04,  1.5697584444815380E-02,  3.1780082656754421E-10
  2.0321001000000116E-02,  1.6860574169967693E-01,  1.4229205155340762E-04,  1.5696937634289448E-02,  3.1780858067365656E-10
  2.0326001000000118E-02,  1.6860560442378270E-01,  1.4229675902586645E-04,  1.5696289042049547E-02,  3.1781640580614371E-10
  2.0331001000000119E-02,  1.6860546594120032E-01,  1.4230151389755312E-04,  1.5695633431020005E-02,  3.1782430073325055E-10
  2.0336001000000121E-02,  1.6860532761576882E-01,  1.4230631077804642E-04,  1.5694972172549407E-02,  3.1783226666833312E-10
  2.0341001000000122E-02,  1.6860518934803273E-01,  1.4231110345082543E-04,  1.5694312336904236E-02,  3.1784027257578787E-10
  2.0346001000000124E-02,  1.6860505085472374E-01,  1.4231589413354824E-04,  1.5693652781352756E-02,  3.1784829632161939E-10
  2.0351001000000125E-02,  1.6860491267295472E-01,  1.4232069245303231E-04,  1.5692992052468449E-02,  3.1785633362065781E-10
  2.0356001000000127E-02,  1.6860477418426625E-01,  1.4232548049751174E-04,  1.5692333092171315E-02,  3.1786437211953261E-10
  2.0361001000000128E-02,  1.6860463646135684E-01,  1.4233027872293186E-04,  1.5691672421254077E-02,  3.1787241609129019E-10
  2.0366001000000130E-02,  1.6860449931826302E-01,  1.4233505138586155E-04,  1.5691015931063763E-02,  3.1788044751681691E-10
  2.0371001000000132E-02,  1.6860436240352530E-01,  1.4233980388582264E-04,  1.5690362166628197E-02,  3.1788845471622832E-10
  2.0376001000000133E-02,  1.6860422608406758E-01,  1.4234454823270127E-04,  1.5689709360334120E-02,  3.1789644077073983E-10
  2.0381001000000135E-02,  1.6860409104606311E-01,  1.4234927232316204E-04,  1.5689059594256489E-02,  3.1790440128748529E-10
  2.0386001000000136E-02,  1.6860395701662936E-01,  1.4235395266805172E-04,  1.5688416296763555E-02,  3.1791231635606714E-10
  2.0391001000000138E-02,  1.6860382380933675E-01,  1.4235859790705525E-04,  1.5687777722653840E-02,  3.1792017764737814E-10
  2.0396001000000139E-02,  1.6860369133139608E-01,  1.4236321455294570E-04,  1.5687143011680574E-02,  3.1792798683545430E-10
  2.0401001000000141E-02,  1.6860356011100258E-01,  1.4236780590156129E-04,  1.5686511765240496E-02,  3.1793574808730989E-10
  2.0406001000000142E-02,  1.6860342968231032E-01,  1.4237235418218826E-04,  1.5685886791345312E-02,  3.1794345226739590E-10
  2.0411001000000144E-02,  1.6860330096599674E-01,  1.4237687469810211E-04,  1.5685265412263068E-02,  3.1795110185754740E-10
  2.0416001000000145E-02,  1.6860317316472812E-01,  1.4238133670995131E-04,  1.5684652651009698E-02,  3.1795868037429382E-10
  2.0421001000000147E-02,  1.6860304636605952E-01,  1.4238576640391258E-04,  1.5684043920813087E-02,  3.1796619157845983E-10
  2.0426001000000148E-02,  1.6860292055575996E-01,  1.4239016146691869E-04,  1.5683440031373591E-02,  3.1797364040257047E-10
  2.0431001000000150E-02,  1.6860279554794266E-01,  1.4239452232151458E-04,  1.5682840876431521E-02,  3.1798102919004833E-10
  2.0436001000000151E-02,  1.6860267244333965E-01,  1.4239885525974176E-04,  1.5682245488460117E-02,  3.1798836336461824E-10
  2.0441001000000153E-02,  1.6860255097353302E-01,  1.4240312323171776E-04,  1.5681659710170263E-02,  3.1799562215092009E-10
  2.0446001000000154E-02,  1.6860243054776280E-01,  1.4240733439185692E-04,  1.5681081637783305E-02,  3.1800279408743706E-10
  2.0451001000000156E-02,  1.6860231065979187E-01,  1.4241150890773914E-04,  1.5680508289519245E-02,  3.1800988825914458E-10
  2.0456001000000158E-02,  1.6860219286609909E-01,  1.4241566438789166E-04,  1.5679937287824817E-02,  3.1801692442872917E-10
  2.0461001000000159E-02,  1.6860207568915775E-01,  1.4241974865581119E-04,  1.5679377010697597E-02,  3.1802388093681484E-10
  2.0466001000000161E-02,  1.6860195996458011E-01,  1.4242381036240592E-04,  1.5678819026862835E-02,  3.1803077010281845E-10
  2.0471001000000162E-02,  1.6860184590578170E-01,  1.4242782246392364E-04,  1.5678268360710068E-02,  3.1803758866378995E-10
  2.0476001000000164E-02,  1.6860173267552675E-01,  1.4243177707629780E-04,  1.5677725763821801E-02,  3.1804432502151859E-10
  2.0481001000000165E-02,  1.6860162105496540E-01,  1.4243570230380029E-04,  1.5677186750501559E-02,  3.1805099064699872E-10
  2.0486001000000167E-02,  1.6860151079226093E-01,  1.4243957243462467E-04,  1.5676655783335783E-02,  3.1805757913999604E-10
  2.0491001000000168E-02,  1.6860140144341484E-01,  1.4244339534453897E-04,  1.5676131198620137E-02,  3.1806408802405433E-10
  2.0496001000000170E-02,  1.6860129320308517E-01,  1.4244718623564951E-04,  1.5675610779667379E-02,  3.1807052752931687E-10
  2.0501001000000171E-02,  1.6860118695254700E-01,  1.4245093890235408E-04,  1.5675095748237465E-02,  3.1807690131844783E-10
  2.0506001000000173E-02,  1.6860108153682279E-01,  1.4245462339876279E-04,  1.5674590628295834E-02,  3.1808319026950200E-10
  2.0511001000000174E-02,  1.6860097750068084E-01,  1.4245827802692812E-04,  1.5674088977038036E-02,  3.1808940498851700E-10
  2.0516001000000176E-02,  1.6860087465359061E-01,  1.4246188531633511E-04,  1.5673594157316152E-02,  3.1809554590064663E-10
  2.0521001000000177E-02,  1.6860077261513090E-01,  1.4246545127487271E-04,  1.5673104937293771E-02,  3.1810161414490838E-10
  2.0526001000000179E-02,  1.6860067179026472E-01,  1.4246898891039477E-04,  1.5672619408216786E-02,  3.1810761997440134E-10
  2.0531001000000181E-02,  1.6860057244323767E-01,  1.4247248485310879E-04,  1.5672139861643453E-02,  3.1811356192717613E-10
  2.0536001000000182E-02,  1.6860047442897816E-01,  1.4247592983808579E-04,  1.5671667498544400E-02,  3.1811943078529764E-10
  2.0541001000000184E-02,  1.6860037765926120E-01,  1.4247932853939392E-04,  1.5671201435187812E-02,  3.1812522341872074E-10
  2.0546001000000185E-02,  1.6860028159597268E-01,  1.4248268405390451E-04,  1.5670741272527926E-02,  3.1813094113752954E-10
  2.0551001000000187E-02,  1.6860018711398275E-01,  1.4248601464945864E-04,  1.5670284238738313E-02,  3.1813659725809236E-10
  2.0556001000000188E-02,  1.6860009349029650E-01,  1.4248929119895054E-04,  1.5669835151996235E-02,  3.1814218232168928E-10
  2.0561001000000190E-02,  1.6860000151690591E-01,  1.4249253742460062E-04,  1.5669389840927077E-02,  3.1814770223037286E-10
  2.0566001000000191E-02,  1.6859991057134616E-01,  1.4249572713539947E-04,  1.5668952763487481E-02,  3.1815314672282059E-10
  2.0571001000000193E-02,  1.6859982053128866E-01,  1.4249888072772343E-04,  1.5668520313439745E-02,  3.1815851960761048E-10
  2.0576001000000194E-02,  1.6859973195542338E-01,  1.4250200284047072E-04,  1.5668092125163499E-02,  3.1816382944171468E-10
  2.0581001000000196E-02,  1.6859964438097935E-01,  1.4250507469824937E-04,  1.5667671180373204E-02,  3.1816906886607563E-10
  2.0586001000000197E-02,  1.6859955751791361E-01,  1.4250811148220735E-04,  1.5667254807524525E-02,  3.1817424097995954E-10
  2.0591001000000199E-02,  1.6859947193105057E-01,  1.4251112337302746E-04,  1.5666841694522433E-02,  3.1817935674661963E-10
  2.0596001000000200E-02,  1.6859938705327993E-01,  1.4251409152452163E-04,  1.5666434929471687E-02,  3.1818441093520878E-10
  2.0601001000000202E-02,  1.6859930303229939E-01,  1.4251703464453490E-04,  1.5666031294994373E-02,  3.1818941003417122E-10
  2.0606001000000203E-02,  1.6859922019036294E-01,  1.4251994820082406E-04,  1.5665631814027046E-02,  3.1819435756244535E-10
  2.0611001000000205E-02,  1.6859913829925924E-01,  1.4252282118478832E-04,  1.5665238109088653E-02,  3.1819924718618588E-10
  2.0616001000000207E-02,  1.6859905736961869E-01,  1.4252566103972533E-04,  1.5664848839253141E-02,  3.1820407874564065E-10
  2.0621001000000208E-02,  1.6859897727748968E-01,  1.4252846758931438E-04,  1.5664464159699340E-02,  3.1820885334992238E-10
  2.0626001000000210E-02,  1.6859889812898632E-01,  1.4253124501952704E-04,  1.5664083420022387E-02,  3.1821357429932372E-10
  2.0631001000000211E-02,  1.6859882050072175E-01,  1.4253398984510885E-04,  1.5663707230530163E-02,  3.1821824166787382E-10
  2.0636001000000213E-02,  1.6859874326887089E-01,  1.4253668248223215E-04,  1.5663338556446874E-02,  3.1822284189789778E-10
  2.0641001000000214E-02,  1.6859866677665200E-01,  1.4253936044603631E-04,  1.5662971262697167E-02,  3.1822738965216818E-10
  2.0646001000000216E-02,  1.6859859043965258E-01,  1.4254201305759762E-04,  1.5662607646412280E-02,  3.1823189175937252E-10
  2.0651001000000217E-02,  1.6859851578490617E-01,  1.4254465981370463E-04,  1.5662244510768294E-02,  3.1823636268863751E-10
  2.0656001000000219E-02,  1.6859844085129300E-01,  1.4254724956079426E-04,  1.5661890094785087E-02,  3.1824077917919942E-10
  2.0661001000000220E-02,  1.6859836730055014E-01,  1.4254984734771842E-04,  1.5661533465849746E-02,  3.1824516375900407E-10
  2.0666001000000222E-02,  1.6859829489078071E-01,  1.4255239859079283E-04,  1.5661184178644469E-02,  3.1824950291037962E-10
  2.0671001000000223E-02,  1.6859822328301283E-01,  1.4255491012031755E-04,  1.5660840235414239E-02,  3.1825378483362469E-10
  2.0676001000000225E-02,  1.6859815225800437E-01,  1.4255739356652559E-04,  1.5660499956959818E-02,  3.1825801253765138E-10
  2.0681001000000226E-02,  1.6859808229228124E-01,  1.4255985662986137E-04,  1.5660162354148306E-02,  3.1826219467170706E-10
  2.0686001000000228E-02,  1.6859801351386997E-01,  1.4256228338618292E-04,  1.5659830019176799E-02,  3.1826632635506406E-10
  2.0691001000000230E-02,  1.6859794515134718E-01,  1.4256466911209182E-04,  1.5659503406287870E-02,  3.1827039922506101E-10
  2.0696001000000231E-02,  1.6859787786236427E-01,  1.4256703977650603E-04,  1.5659178422564569E-02,  3.1827442548749651E-10
  2.0701001000000233E-02,  1.6859781034890886E-01,  1.4256937378135650E-04,  1.5658858851582587E-02,  3.1827840148274872E-10
  2.0706001000000234E-02,  1.6859774420517940E-01,  1.4257171448653510E-04,  1.5658537623734724E-02,  3.1828235033597630E-10
  2.0711001000000236E-02,  1.6859767912119530E-01,  1.4257400905279488E-04,  1.5658223647442127E-02,  3.1828625618896569E-10
  2.0716001000000237E-02,  1.6859761436290130E-01,  1.4257626665664408E-04,  1.5657914593246142E-02,  3.1829010793040741E-10
  2.0721001000000239E-02,  1.6859755038173191E-01,  1.4257851234766107E-04,  1.5657606750733091E-02,  3.1829391821818961E-10
  2.0726001000000240E-02,  1.6859748697894242E-01,  1.4258073147806844E-04,  1.5657302813866673E-02,  3.1829768806574942E-10
  2.0731001000000242E-02,  1.6859742396118424E-01,  1.4258293040662559E-04,  1.5657001547684374E-02,  3.1830141962629499E-10
  2.0736001000000243E-02,  1.6859736177017207E-01,  1.4258511582863667E-04,  1.5656702027813031E-02,  3.1830511952964591E-10
  2.0741001000000245E-02,  1.6859730046848651E-01,  1.4258727297134874E-04,  1.5656406650607906E-02,  3.1830878247423551E-10
  2.0746001000000246E-02,  1.6859723981563743E-01,  1.4258939935301557E-04,  1.5656115544027835E-02,  3.1831240157437881E-10
  2.0751001000000248E-02,  1.6859717992969020E-01,  1.4259150304478038E-04,  1.5655827418710494E-02,  3.1831597830192163E-10
  2.0756001000000249E-02,  1.6859712056955753E-01,  1.4259358025279817E-04,  1.5655542999373960E-02,  3.1831951229453815E-10
  2.0761001000000251E-02,  1.6859706156450496E-01,  1.4259563903618521E-04,  1.5655260976005420E-02,  3.1832300804735591E-10
  2.0766001000000252E-02,  1.6859700333628724E-01,  1.4259768536774140E-04,  1.5654980565309992E-02,  3.1832647318015218E-10
  2.0771001000000254E-02,  1.6859694555102053E-01,  1.4259970513137940E-04,  1.5654704049439423E-02,  3.1832990319579704E-10
  2.0776001000000256E-02,  1.6859688840129899E-01,  1.4260170926975251E-04,  1.5654429495264653E-02,  3.1833330062219791E-10
  2.0781001000000257E-02,  1.6859683225794417E-01,  1.4260369153941383E-04,  1.5654158055199638E-02,  3.1833666450548883E-10
  2.0786001000000259E-02,  1.6859677617370242E-01,  1.4260563924471017E-04,  1.5653891581103134E-02,  3.1833998486099281E-10
  2.0791001000000260E-02,  1.6859672119011959E-01,  1.4260758410760140E-04,  1.5653624956813592E-02,  3.1834327549155287E-10
  2.0796001000000262E-02,  1.6859666595318173E-01,  1.4260949168626741E-04,  1.5653364045999194E-02,  3.1834652603952105E-10
  2.0801001000000263E-02,  1.6859661214248015E-01,  1.4261140692269455E-04,  1.5653101316993177E-02,  3.1834975506649952E-10
  2.0806001000000265E-02,  1.6859655849519264E-01,  1.4261327412229641E-04,  1.5652846141781550E-02,  3.1835294283073108E-10
  2.0811001000000266E-02,  1.6859650494584794E-01,  1.4261513461837302E-04,  1.5652591179340460E-02,  3.1835609708178468E-10
  2.0816001000000268E-02,  1.6859645154794459E-01,  1.4261699164591374E-04,  1.5652336643276456E-02,  3.1835923108852503E-10
  2.0821001000000269E-02,  1.6859639866766352E-01,  1.4261884347537950E-04,  1.5652082856294491E-02,  3.1836235090690821E-10
  2.0826001000000271E-02,  1.6859634691269215E-01,  1.4262067767928247E-04,  1.5651831706542677E-02,  3.1836545102713654E-10
  2.0831001000000272E-02,  1.6859629590145356E-01,  1.4262247339759084E-04,  1.5651586198897484E-02,  3.1836851269293093E-10
  2.0836001000000274E-02,  1.6859624540647603E-01,  1.4262424302011772E-04,  1.5651344061018112E-02,  3.1837153107697416E-10
  2.0841001000000275E-02,  1.6859619454967847E-01,  1.4262599454595331E-04,  1.5651104271865432E-02,  3.1837451123961839E-10
  2.0846001000000277E-02,  1.6859614481807794E-01,  1.4262775787078638E-04,  1.5650862355609266E-02,  3.1837747692256731E-10
  2.0851001000000279E-02,  1.6859609537759829E-01,  1.4262948343900784E-04,  1.5650626475448265E-02,  3.1838041240747594E-10
  2.0856001000000280E-02,  1.6859604624544150E-01,  1.4263119823665468E-04,  1.5650391611876500E-02,  3.1838331902198610E-10
  2.0861001000000282E-02,  1.6859599790858068E-01,  1.4263290234818132E-04,  1.5650158217201830E-02,  3.1838620222030766E-10
  2.0866001000000283E-02,  1.6859594996959021E-01,  1.4263457930481648E-04,  1.5649928834070015E-02,  3.1838905383347826E-10
  2.0871001000000285E-02,  1.6859590279409364E-01,  1.4263624214153419E-04,  1.5649701166795482E-02,  3.1839187552430905E-10
  2.0876001000000286E-02,  1.6859585583897529E-01,  1.4263787881356650E-04,  1.5649477298603685E-02,  3.1839466243146882E-10
  2.0881001000000288E-02,  1.6859580897163057E-01,  1.4263950739298216E-04,  1.5649254232995430E-02,  3.1839742198452865E-10
  2.0886001000000289E-02,  1.6859576266807838E-01,  1.4264113281106693E-04,  1.5649031520697285E-02,  3.1840016433601040E-10
  2.0891001000000291E-02,  1.6859571718233665E-01,  1.4264273908896004E-04,  1.5648811712156770E-02,  3.1840288484155519E-10
  2.0896001000000292E-02,  1.6859567237095785E-01,  1.4264431724003284E-04,  1.5648595918167960E-02,  3.1840557242241968E-10
  2.0901001000000294E-02,  1.6859562763811758E-01,  1.4264587189393799E-04,  1.5648383269196431E-02,  3.1840822303008549E-10
  2.0906001000000295E-02,  1.6859558307810601E-01,  1.4264742331779367E-04,  1.5648170717987873E-02,  3.1841084887928814E-10
  2.0911001000000297E-02,  1.6859553890382845E-01,  1.4264896882274622E-04,  1.5647959028871554E-02,  3.1841345785211614E-10
  2.0916001000000298E-02,  1.6859549511473096E-01,  1.4265050114097334E-04,  1.5647749276684643E-02,  3.1841604860337265E-10
  2.0921001000000300E-02,  1.6859545134872994E-01,  1.4265202011157980E-04,  1.5647541360796699E-02,  3.1841861907892573E-10
  2.0926001000000301E-02,  1.6859540813241503E-01,  1.4265353797771995E-04,  1.5647333389549808E-02,  3.1842117633401618E-10
  2.0931001000000303E-02,  1.6859536510891557E-01,  1.4265503722998965E-04,  1.5647128275209664E-02,  3.1842371444575360E-10
  2.0936001000000305E-02,  1.6859532259158466E-01,  1.4265652950688152E-04,  1.5646923920256552E-02,  3.1842623509035613E-10
  2.0941001000000306E-02,  1.6859528061717094E-01,  1.4265800449654315E-04,  1.5646722116059060E-02,  3.1842873431748816E-10
  2.0946001000000308E-02,  1.6859523891281281E-01,  1.4265946070111628E-04,  1.5646522915706840E-02,  3.1843120735071371E-10
  2.0951001000000309E-02,  1.6859519730660116E-01,  1.4266090731299393E-04,  1.5646324875229482E-02,  3.1843365762832918E-10
  2.0956001000000311E-02,  1.6859515650226931E-01,  1.4266235037392703E-04,  1.5646127221101300E-02,  3.1843609248462561E-10
  2.0961001000000312E-02,  1.6859511569620597E-01,  1.4266376622891987E-04,  1.5645933706266144E-02,  3.1843850097829258E-10
  2.0966001000000314E-02,  1.6859507548675134E-01,  1.4266518147624285E-04,  1.5645739819886866E-02,  3.1844089110636691E-10
  2.0971001000000315E-02,  1.6859503588553737E-01,  1.4266657653331331E-04,  1.5645549041113219E-02,  3.1844325856381080E-10
  2.0976001000000317E-02,  1.6859499628018731E-01,  1.4266795052291805E-04,  1.5645361167416723E-02,  3.1844559718111924E-10
  2.0981001000000318E-02,  1.6859495665510515E-01,  1.4266932413744665E-04,  1.5645172991930925E-02,  3.1844791742564747E-10
  2.0986001000000320E-02,  1.6859491776493227E-01,  1.4267069841536503E-04,  1.5644984711282617E-02,  3.1845022885000260E-10
  2.0991001000000321E-02,  1.6859487876004617E-01,  1.4267204785557713E-04,  1.5644800276504021E-02,  3.1845251952229661E-10
  2.0996001000000323E-02,  1.6859484027194868E-01,  1.4267340056788274E-04,  1.5644614912300958E-02,  3.1845479762003248E-10
  2.1001001000000324E-02,  1.6859480212341452E-01,  1.4267473588481291E-04,  1.5644432290883074E-02,  3.1845705847613633E-10
  2.1006001000000326E-02,  1.6859476435477749E-01,  1.4267605929083684E-04,  1.5644251209917373E-02,  3.1845929976295241E-10
  2.1011001000000327E-02,  1.6859472636110168E-01,  1.4267736955687169E-04,  1.5644071953429525E-02,  3.1846152046525891E-10
  2.1016001000000329E-02,  1.6859468882905881E-01,  1.4267868711558381E-04,  1.5643891349004437E-02,  3.1846373339264719E-10
  2.1021001000000331E-02,  1.6859465183477590E-01,  1.4267998924341583E-04,  1.5643713253358060E-02,  3.1846593348574893E-10
  2.1026001000000332E-02,  1.6859461523479632E-01,  1.4268127280399359E-04,  1.5643537758256741E-02,  3.1846811215008560E-10
  2.1031001000000334E-02,  1.6859457875174433E-01,  1.4268254257244245E-04,  1.5643364073105494E-02,  3.1847026770078128E-10
  2.1036001000000335E-02,  1.6859454309514993E-01,  1.4268380804943843E-04,  1.5643190815039114E-02,  3.1847240642573212E-10
  2.1041001000000337E-02,  1.6859450732337930E-01,  1.4268504546779997E-04,  1.5643021812892913E-02,  3.1847451739591033E-10
  2.1046001000000338E-02,  1.6859447182860390E-01,  1.4268628609377733E-04,  1.5642851835301258E-02,  3.1847661168271032E-10
  2.1051001000000340E-02,  1.6859443669812646E-01,  1.4268751743302523E-04,  1.5642683347997260E-02,  3.1847869203452018E-10
  2.1056001000000341E-02,  1.6859440171090170E-01,  1.4268873622370085E-04,  1.5642516638477072E-02,  3.1848075547270474E-10
  2.1061001000000343E-02,  1.6859436696618663E-01,  1.4268994986268586E-04,  1.5642350509839968E-02,  3.1848280483423575E-10
  2.1066001000000344E-02,  1.6859433263376827E-01,  1.4269115517486283E-04,  1.5642185579161111E-02,  3.1848484073316779E-10
  2.1071001000000346E-02,  1.6859429796842182E-01,  1.4269234633814719E-04,  1.5642022689361629E-02,  3.1848685906379117E-10
  2.1076001000000347E-02,  1.6859426399961369E-01,  1.4269354841845881E-04,  1.5641857875066452E-02,  3.1848887335104301E-10
  2.1081001000000349E-02,  1.6859422960434331E-01,  1.4269472720937292E-04,  1.5641696842679048E-02,  3.1849087210422790E-10
  2.1086001000000350E-02,  1.6859419605393083E-01,  1.4269591985578963E-04,  1.5641533275148355E-02,  3.1849286817273700E-10
  2.1091001000000352E-02,  1.6859416244254294E-01,  1.4269708426765368E-04,  1.5641374302480450E-02,  3.1849484662793066E-10
  2.1096001000000354E-02,  1.6859412932484560E-01,  1.4269825004892386E-04,  1.5641214634531560E-02,  3.1849681222239323E-10
  2.1101001000000355E-02,  1.6859409665981051E-01,  1.4269939916666612E-04,  1.5641057561941958E-02,  3.1849876058694626E-10
  2.1106001000000357E-02,  1.6859406423305276E-01,  1.4270053256348000E-04,  1.5640902628400351E-02,  3.1850068699631380E-10
  2.1111001000000358E-02,  1.6859403150334162E-01,  1.4270165751496941E-04,  1.5640748728351833E-02,  3.1850259407133598E-10
  2.1116001000000360E-02,  1.6859399964974262E-01,  1.4270279251016259E-04,  1.5640593136698730E-02,  3.1850449664268542E-10
  2.1121001000000361E-02,  1.6859396738325147E-01,  1.4270389811843831E-04,  1.5640442251194181E-02,  3.1850637926071878E-10
  2.1126001000000363E-02,  1.6859393591575048E-01,  1.4270501697255948E-04,  1.5640288819383688E-02,  3.1850825551023194E-10
  2.1131001000000364E-02,  1.6859390448307146E-01,  1.4270610912753371E-04,  1.5640139734359487E-02,  3.1851011321631670E-10
  2.1136001000000366E-02,  1.6859387308259854E-01,  1.4270719944864366E-04,  1.5639990474086568E-02,  3.1851195574529686E-10
  2.1141001000000367E-02,  1.6859384214101941E-01,  1.4270828863821895E-04,  1.5639841358919167E-02,  3.1851378960994148E-10
  2.1146001000000369E-02,  1.6859381152048888E-01,  1.4270936227873883E-04,  1.5639694623523374E-02,  3.1851560864337276E-10
  2.1151001000000370E-02,  1.6859378138404191E-01,  1.4271042467746070E-04,  1.5639549355286539E-02,  3.1851741008366621E-10
  2.1156001000000372E-02,  1.6859375127824358E-01,  1.4271147042511036E-04,  1.5639406462244258E-02,  3.1851918972436653E-10
  2.1161001000000373E-02,  1.6859372163656272E-01,  1.4271251472785563E-04,  1.5639263507007409E-02,  3.1852095458145940E-10
  2.1166001000000375E-02,  1.6859369151573006E-01,  1.4271354329663773E-04,  1.5639122954327844E-02,  3.1852270137096288E-10
  2.1171001000000376E-02,  1.6859366222406741E-01,  1.4271458768987168E-04,  1.5638979693177804E-02,  3.1852444683839527E-10
  2.1176001000000378E-02,  1.6859363276249634E-01,  1.4271560442540531E-04,  1.5638840970176336E-02,  3.1852617610567470E-10
  2.1181001000000380E-02,  1.6859360365572262E-01,  1.4271662622914607E-04,  1.5638700991190614E-02,  3.1852789576956559E-10
  2.1186001000000381E-02,  1.6859357453749316E-01,  1.4271763615778077E-04,  1.5638562932003365E-02,  3.1852960365477078E-10
  2.1191001000000383E-02,  1.6859354576457894E-01,  1.4271864618362994E-04,  1.5638424655097787E-02,  3.1853130362644789E-10
  2.1196001000000384E-02,  1.6859351751893081E-01,  1.4271964453231269E-04,  1.5638288181700918E-02,  3.1853299192303106E-10
  2.1201001000000386E-02,  1.6859348924234263E-01,  1.4272062475747185E-04,  1.5638154302397851E-02,  3.1853466032888568E-10
  2.1206001000000387E-02,  1.6859346103023609E-01,  1.4272160558462228E-04,  1.5638020019763985E-02,  3.1853631600270244E-10
  2.1211001000000389E-02,  1.6859343307995150E-01,  1.4272258424777738E-04,  1.5637886082889255E-02,  3.1853796397968362E-10
  2.1216001000000390E-02,  1.6859340497297864E-01,  1.4272355400233861E-04,  1.5637753483619732E-02,  3.1853960182645294E-10
  2.1221001000000392E-02,  1.6859337785646353E-01,  1.4272452884057346E-04,  1.5637619949075171E-02,  3.1854123640631368E-10
  2.1226001000000393E-02,  1.6859335071294121E-01,  1.4272547029813763E-04,  1.5637491648754297E-02,  3.1854284814120987E-10
  2.1231001000000395E-02,  1.6859332344750036E-01,  1.4272641184783389E-04,  1.5637362760584722E-02,  3.1854444265114829E-10
  2.1236001000000396E-02,  1.6859329642591339E-01,  1.4272735752696161E-04,  1.5637233239272928E-02,  3.1854603129524552E-10
  2.1241001000000398E-02,  1.6859326923278259E-01,  1.4272829506044510E-04,  1.5637105046246845E-02,  3.1854761233502499E-10
  2.1246001000000399E-02,  1.6859324275771587E-01,  1.4272923819893651E-04,  1.5636975850685159E-02,  3.1854919184999550E-10
  2.1251001000000401E-02,  1.6859321602170244E-01,  1.4273015718463853E-04,  1.5636850475740163E-02,  3.1855075559289675E-10
  2.1256001000000403E-02,  1.6859318982373189E-01,  1.4273108440484954E-04,  1.5636723417085850E-02,  3.1855231265784065E-10
  2.1261001000000404E-02,  1.6859316374010183E-01,  1.4273199362748725E-04,  1.5636599275632233E-02,  3.1855385591108776E-10
  2.1266001000000406E-02,  1.6859313763413963E-01,  1.4273289853973200E-04,  1.5636475489844086E-02,  3.1855538624201640E-10
  2.1271001000000407E-02,  1.6859311137715080E-01,  1.4273380410337758E-04,  1.5636351530950665E-02,  3.1855690978310169E-10
  2.1276001000000409E-02,  1.6859308556553007E-01,  1.4273471479496559E-04,  1.5636226794611893E-02,  3.1855843343522723E-10
  2.1281001000000410E-02,  1.6859305972142291E-01,  1.4273561054744797E-04,  1.5636104450416348E-02,  3.1855994814999884E-10
  2.1286001000000412E-02,  1.6859303406748127E-01,  1.4273650703248105E-04,  1.5635981737400009E-02,  3.1856145625515575E-10
  2.1291001000000413E-02,  1.6859300897953727E-01,  1.4273739710397575E-04,  1.5635860026877654E-02,  3.1856295693518006E-10
  2.1296001000000415E-02,  1.6859298345453289E-01,  1.4273826787001404E-04,  1.5635741182279984E-02,  3.1856443999330761E-10
  2.1301001000000416E-02,  1.6859295796188789E-01,  1.4273915294864747E-04,  1.5635619800894895E-02,  3.1856592032302518E-10
  2.1306001000000418E-02,  1.6859293271987877E-01,  1.4274003728790245E-04,  1.5635498781614555E-02,  3.1856740130885431E-10
  2.1311001000000419E-02,  1.6859290772421109E-01,  1.4274091313125974E-04,  1.5635379060249754E-02,  3.1856887686569452E-10
  2.1316001000000421E-02,  1.6859288270995043E-01,  1.4274178043249358E-04,  1.5635260510203051E-02,  3.1857034255867667E-10
  2.1321001000000422E-02,  1.6859285808232222E-01,  1.4274264815400717E-04,  1.5635141749622904E-02,  3.1857180209526051E-10
  2.1326001000000424E-02,  1.6859283336876646E-01,  1.4274350280687914E-04,  1.5635025011446979E-02,  3.1857324997338750E-10
  2.1331001000000425E-02,  1.6859280903980811E-01,  1.4274436004640820E-04,  1.5634907650881477E-02,  3.1857469143722137E-10
  2.1336001000000427E-02,  1.6859278504632647E-01,  1.4274520433950636E-04,  1.5634792331144044E-02,  3.1857612157509626E-10
  2.1341001000000429E-02,  1.6859276158343092E-01,  1.4274603696461013E-04,  1.5634678587494344E-02,  3.1857753605036866E-10
  2.1346001000000430E-02,  1.6859273834420069E-01,  1.4274685135191986E-04,  1.5634567454189341E-02,  3.1857892857036290E-10
  2.1351001000000432E-02,  1.6859271453787711E-01,  1.4274765772344521E-04,  1.5634457242922985E-02,  3.1858030160190633E-10
  2.1356001000000433E-02,  1.6859269059588056E-01,  1.4274848308586834E-04,  1.5634343968692524E-02,  3.1858167605030035E-10
  2.1361001000000435E-02,  1.6859266751840010E-01,  1.4274931350926126E-04,  1.5634230243268682E-02,  3.1858305788896108E-10
  2.1366001000000436E-02,  1.6859264421561637E-01,  1.4275011480939723E-04,  1.5634121093527131E-02,  3.1858442503080102E-10
  2.1371001000000438E-02,  1.6859262139580497E-01,  1.4275092301539846E-04,  1.5634010379130384E-02,  3.1858578427946295E-10
  2.1376001000000439E-02,  1.6859259816719241E-01,  1.4275171505266781E-04,  1.5633902276126835E-02,  3.1858713008892664E-10
  2.1381001000000441E-02,  1.6859257499030975E-01,  1.4275252052406702E-04,  1.5633791825905012E-02,  3.1858847522981503E-10
  2.1386001000000442E-02,  1.6859255218378838E-01,  1.4275332457858471E-04,  1.5633681826729286E-02,  3.1858982145484336E-10
  2.1391001000000444E-02,  1.6859253024231155E-01,  1.4275411606894255E-04,  1.5633573740087649E-02,  3.1859115965416300E-10
  2.1396001000000445E-02,  1.6859250794085814E-01,  1.4275487798255651E-04,  1.5633469994862370E-02,  3.1859247205475368E-10
  2.1401001000000447E-02,  1.6859248526901496E-01,  1.4275565134740757E-04,  1.5633363976858806E-02,  3.1859377394012603E-10
  2.1406001000000448E-02,  1.6859246293531366E-01,  1.4275643752855059E-04,  1.5633256182837306E-02,  3.1859508105947528E-10
  2.1411001000000450E-02,  1.6859244119202027E-01,  1.4275721258677954E-04,  1.5633150324448078E-02,  3.1859638568150097E-10
  2.1416001000000452E-02,  1.6859241941688116E-01,  1.4275796739578482E-04,  1.5633047395098888E-02,  3.1859767369647109E-10
  2.1421001000000453E-02,  1.6859239736782691E-01,  1.4275872278406564E-04,  1.5632944028664816E-02,  3.1859895023352321E-10
  2.1426001000000455E-02,  1.6859237539985594E-01,  1.4275948745611804E-04,  1.5632839243093319E-02,  3.1860022727596976E-10
  2.1431001000000456E-02,  1.6859235425384941E-01,  1.4276024961545799E-04,  1.5632735005711891E-02,  3.1860150453586400E-10
  2.1436001000000458E-02,  1.6859233312772182E-01,  1.4276098390311940E-04,  1.5632635019836277E-02,  3.1860276301314849E-10
  2.1441001000000459E-02,  1.6859231197722363E-01,  1.4276171683174244E-04,  1.5632534764078831E-02,  3.1860400630337254E-10
  2.1446001000000461E-02,  1.6859229068548875E-01,  1.4276245055288249E-04,  1.5632434363846072E-02,  3.1860524228387921E-10
  2.1451001000000462E-02,  1.6859226952232062E-01,  1.4276318907384994E-04,  1.5632333238899267E-02,  3.1860647792347152E-10
  2.1456001000000464E-02,  1.6859224820259486E-01,  1.4276392336467328E-04,  1.5632232849343120E-02,  3.1860771143351288E-10
  2.1461001000000465E-02,  1.6859222702490298E-01,  1.4276466284977323E-04,  1.5632131587778861E-02,  3.1860894657178508E-10
  2.1466001000000467E-02,  1.6859220616781476E-01,  1.4276539765878079E-04,  1.5632031137086499E-02,  3.1861018033922240E-10
  2.1471001000000468E-02,  1.6859218566858378E-01,  1.4276612150603850E-04,  1.5631932295420675E-02,  3.1861140534288069E-10
  2.1476001000000470E-02,  1.6859216517290371E-01,  1.4276683297584423E-04,  1.5631835172501753E-02,  3.1861261584562572E-10
  2.1481001000000471E-02,  1.6859214496937905E-01,  1.4276754402140667E-04,  1.5631737902627278E-02,  3.1861381664164455E-10
  2.1486001000000473E-02,  1.6859212471507792E-01,  1.4276824517256721E-04,  1.5631642150519008E-02,  3.1861500595923975E-10
  2.1491001000000474E-02,  1.6859210427900001E-01,  1.4276894779894424E-04,  1.5631546001628048E-02,  3.1861618877457232E-10
  2.1496001000000476E-02,  1.6859208436776893E-01,  1.4276965661367828E-04,  1.5631448925881912E-02,  3.1861737269161087E-10
  2.1501001000000478E-02,  1.6859206454216846E-01,  1.4277034782378880E-04,  1.5631354669421768E-02,  3.1861854659285922E-10
  2.1506001000000479E-02,  1.6859204443850914E-01,  1.4277103570331536E-04,  1.5631260623555257E-02,  3.1861971018856712E-10
  2.1511001000000481E-02,  1.6859202440153884E-01,  1.4277173291038676E-04,  1.5631165084483888E-02,  3.1862087421803448E-10
  2.1516001000000482E-02,  1.6859200456555798E-01,  1.4277242809249355E-04,  1.5631070018964154E-02,  3.1862203876030521E-10
  2.1521001000000484E-02,  1.6859198469243708E-01,  1.4277311642521017E-04,  1.5630975974473722E-02,  3.1862319866840643E-10
  2.1526001000000485E-02,  1.6859196511332647E-01,  1.4277380584686757E-04,  1.5630881645149482E-02,  3.1862435577543488E-10
  2.1531001000000487E-02,  1.6859194595562993E-01,  1.4277448534844321E-04,  1.5630788863435600E-02,  3.1862550510603442E-10
  2.1536001000000488E-02,  1.6859192701793560E-01,  1.4277515034727883E-04,  1.5630698145442441E-02,  3.1862663920643920E-10
  2.1541001000000490E-02,  1.6859190795697659E-01,  1.4277580754528131E-04,  1.5630608379914375E-02,  3.1862775798049407E-10
  2.1546001000000491E-02,  1.6859188860196048E-01,  1.4277646872280761E-04,  1.5630517867877759E-02,  3.1862887035343080E-10
  2.1551001000000493E-02,  1.6859187022492400E-01,  1.4277713994967028E-04,  1.5630425877454050E-02,  3.1862998687364060E-10
  2.1556001000000494E-02,  1.6859185177021707E-01,  1.4277777833411590E-04,  1.5630339119361188E-02,  3.1863108549546200E-10
  2.1561001000000496E-02,  1.6859183334466926E-01,  1.4277841853726212E-04,  1.5630251516075742E-02,  3.1863217060245851E-10
  2.1566001000000497E-02,  1.6859181490613148E-01,  1.4277905779976410E-04,  1.5630164089784696E-02,  3.1863324864732692E-10
  2.1571001000000499E-02,  1.6859179598500396E-01,  1.4277969747971401E-04,  1.5630076583776978E-02,  3.1863432327060636E-10
  2.1576001000000501E-02,  1.6859177779420109E-01,  1.4278035350048725E-04,  1.5629986569051194E-02,  3.1863540706893572E-10
  2.1581001000000502E-02,  1.6859175908545235E-01,  1.4278098521366769E-04,  1.5629900580337551E-02,  3.1863648223652689E-10
  2.1586001000000504E-02,  1.6859174089511822E-01,  1.4278163385385759E-04,  1.5629811566656153E-02,  3.1863756002024456E-10
  2.1591001000000505E-02,  1.6859172242300743E-01,  1.4278226537124507E-04,  1.5629725482481399E-02,  3.1863863075165426E-10
  2.1596001000000507E-02,  1.6859170415854879E-01,  1.4278290600170282E-04,  1.5629637700578930E-02,  3.1863970097900709E-10
  2.1601001000000508E-02,  1.6859168623501175E-01,  1.4278353983179472E-04,  1.5629551123770631E-02,  3.1864076805291276E-10
  2.1606001000000510E-02,  1.6859166832485420E-01,  1.4278416195926354E-04,  1.5629466232830416E-02,  3.1864182460982398E-10
  2.1611001000000511E-02,  1.6859165066896034E-01,  1.4278478334625743E-04,  1.5629381255044532E-02,  3.1864287336145094E-10
  2.1616001000000513E-02,  1.6859163267226140E-01,  1.4278539611238479E-04,  1.5629297592875201E-02,  3.1864391237393866E-10
  2.1621001000000514E-02,  1.6859161494945080E-01,  1.4278602019880741E-04,  1.5629212039559963E-02,  3.1864495249263456E-10
  2.1626001000000516E-02,  1.6859159730022596E-01,  1.4278663529793603E-04,  1.5629128066066651E-02,  3.1864598920367845E-10
  2.1631001000000517E-02,  1.6859157984963588E-01,  1.4278724768633418E-04,  1.5629044355908672E-02,  3.1864702083718308E-10
  2.1636001000000519E-02,  1.6859156276598244E-01,  1.4278785328750948E-04,  1.5628961644982141E-02,  3.1864804496294893E-10
  2.1641001000000520E-02,  1.6859154581918018E-01,  1.4278844630585626E-04,  1.5628880755532829E-02,  3.1864905581476883E-10
  2.1646001000000522E-02,  1.6859152895080334E-01,  1.4278903438388898E-04,  1.5628800410759466E-02,  3.1865005454912274E-10
  2.1651001000000523E-02,  1.6859151224267552E-01,  1.4278961968719657E-04,  1.5628720408826041E-02,  3.1865104451958636E-10
  2.1656001000000525E-02,  1.6859149541572169E-01,  1.4279019950046382E-04,  1.5628641205171129E-02,  3.1865202598648744E-10
  2.1661001000000527E-02,  1.6859147879870690E-01,  1.4279078320000822E-04,  1.5628561309123497E-02,  3.1865300480774976E-10
  2.1666001000000528E-02,  1.6859146189785687E-01,  1.4279135989245508E-04,  1.5628482559706489E-02,  3.1865397835061455E-10
  2.1671001000000530E-02,  1.6859144550535959E-01,  1.4279194601735408E-04,  1.5628402237713404E-02,  3.1865495426401308E-10
  2.1676001000000531E-02,  1.6859142921957093E-01,  1.4279251517421986E-04,  1.5628324691752148E-02,  3.1865592178984331E-10
  2.1681001000000533E-02,  1.6859141325299212E-01,  1.4279308030239936E-04,  1.5628247474452898E-02,  3.1865687947459553E-10
  2.1686001000000534E-02,  1.6859139691659530E-01,  1.4279363453050653E-04,  1.5628171866814686E-02,  3.1865782431721198E-10
  2.1691001000000536E-02,  1.6859138033547899E-01,  1.4279420100450817E-04,  1.5628094186303274E-02,  3.1865876892641657E-10
  2.1696001000000537E-02,  1.6859136394516172E-01,  1.4279477606252055E-04,  1.5628015395579939E-02,  3.1865972124862961E-10
  2.1701001000000539E-02,  1.6859134731556522E-01,  1.4279534487692273E-04,  1.5627937714776455E-02,  3.1866067480227170E-10
  2.1706001000000540E-02,  1.6859133123514083E-01,  1.4279592163499714E-04,  1.5627858703856128E-02,  3.1866163313013151E-10
  2.1711001000000542E-02,  1.6859131519627418E-01,  1.4279648000679486E-04,  1.5627782661538213E-02,  3.1866258307275556E-10
  2.1716001000000543E-02,  1.6859129992237515E-01,  1.4279703651945790E-04,  1.5627706589337244E-02,  3.1866352436200852E-10
  2.1721001000000545E-02,  1.6859128376385235E-01,  1.4279756710156770E-04,  1.5627634478426612E-02,  3.1866444383864164E-10
  2.1726001000000546E-02,  1.6859126817814690E-01,  1.4279812697912600E-04,  1.5627557410531193E-02,  3.1866536723806735E-10
  2.1731001000000548E-02,  1.6859125272336392E-01,  1.4279866819701822E-04,  1.5627483721043632E-02,  3.1866628539619531E-10
  2.1736001000000549E-02,  1.6859123727523828E-01,  1.4279920452497016E-04,  1.5627410463590063E-02,  3.1866719441949510E-10
  2.1741001000000551E-02,  1.6859122148519187E-01,  1.4279974050776254E-04,  1.5627337175593468E-02,  3.1866809778699062E-10
  2.1746001000000553E-02,  1.6859120579753656E-01,  1.4280028805307727E-04,  1.5627262101894870E-02,  3.1866900591557351E-10
  2.1751001000000554E-02,  1.6859119021543037E-01,  1.4280083241973078E-04,  1.5627187717378782E-02,  3.1866991635115489E-10
  2.1756001000000556E-02,  1.6859117489796888E-01,  1.4280137313706982E-04,  1.5627113840556490E-02,  3.1867082496609397E-10
  2.1761001000000557E-02,  1.6859116036271152E-01,  1.4280190480980549E-04,  1.5627041294014994E-02,  3.1867172604399461E-10
  2.1766001000000559E-02,  1.6859114534900346E-01,  1.4280240979096199E-04,  1.5626972701848901E-02,  3.1867260410253263E-10
  2.1771001000000560E-02,  1.6859113012676927E-01,  1.4280293030455673E-04,  1.5626901258885287E-02,  3.1867347623947087E-10
  2.1776001000000562E-02,  1.6859111519313352E-01,  1.4280345825856838E-04,  1.5626828938442867E-02,  3.1867435306586123E-10
  2.1781001000000563E-02,  1.6859109991628654E-01,  1.4280397663096820E-04,  1.5626758221935877E-02,  3.1867522720296551E-10
  2.1786001000000565E-02,  1.6859108492538369E-01,  1.4280450638172264E-04,  1.5626685589034336E-02,  3.1867610584001328E-10
  2.1791001000000566E-02,  1.6859106994414946E-01,  1.4280502673783674E-04,  1.5626614599100357E-02,  3.1867698250848013E-10
  2.1796001000000568E-02,  1.6859105501708060E-01,  1.4280554653568167E-04,  1.5626543533801482E-02,  3.1867785617205365E-10
  2.1801001000000569E-02,  1.6859104049029111E-01,  1.4280606448755954E-04,  1.5626472743608864E-02,  3.1867872701267476E-10
  2.1806001000000571E-02,  1.6859102627549769E-01,  1.4280656884932484E-04,  1.5626404014455419E-02,  3.1867958712460771E-10
  2.1811001000000572E-02,  1.6859101160252934E-01,  1.4280706231858937E-04,  1.5626336728674715E-02,  3.1868043227706742E-10
  2.1816001000000574E-02,  1.6859099694838703E-01,  1.4280757102423444E-04,  1.5626266909972895E-02,  3.1868127811664953E-10
  2.1821001000000576E-02,  1.6859098222974156E-01,  1.4280807946950378E-04,  1.5626197394315595E-02,  3.1868212680281904E-10
  2.1826001000000577E-02,  1.6859096775183394E-01,  1.4280859009183118E-04,  1.5626127539498630E-02,  3.1868297830596954E-10
  2.1831001000000579E-02,  1.6859095368863933E-01,  1.4280909262206221E-04,  1.5626058968494859E-02,  3.1868382624495817E-10
  2.1836001000000580E-02,  1.6859093902185573E-01,  1.4280958091945347E-04,  1.5625992449772461E-02,  3.1868466156250536E-10
  2.1841001000000582E-02,  1.6859092500587949E-01,  1.4281008929170532E-04,  1.5625922595765958E-02,  3.1868550135053393E-10
  2.1846001000000583E-02,  1.6859091110809601E-01,  1.4281057613671876E-04,  1.5625856402201738E-02,  3.1868633265597050E-10
  2.1851001000000585E-02,  1.6859089656004467E-01,  1.4281105845152071E-04,  1.5625790535697084E-02,  3.1868715294047134E-10
  2.1856001000000586E-02,  1.6859088249558887E-01,  1.4281156266029968E-04,  1.5625721221042159E-02,  3.1868798140346138E-10
  2.1861001000000588E-02,  1.6859086847788218E-01,  1.4281205104509198E-04,  1.5625654720083537E-02,  3.1868880733102590E-10
  2.1866001000000589E-02,  1.6859085424989703E-01,  1.4281253745806444E-04,  1.5625588250561727E-02,  3.1868962790573670E-10
  2.1871001000000591E-02,  1.6859084005794067E-01,  1.4281303093890307E-04,  1.5625520659456396E-02,  3.1869045013296163E-10
  2.1876001000000592E-02,  1.6859082627366090E-01,  1.4281352337559204E-04,  1.5625453351305815E-02,  3.1869127373620514E-10
  2.1881001000000594E-02,  1.6859081328632952E-01,  1.4281400199126664E-04,  1.5625388153298593E-02,  3.1869208869892655E-10
  2.1886001000000595E-02,  1.6859079950292719E-01,  1.4281445329748267E-04,  1.5625326921766533E-02,  3.1869287884444153E-10
  2.1891001000000597E-02,  1.6859078593303420E-01,  1.4281493086975409E-04,  1.5625261176755369E-02,  3.1869366916120202E-10
  2.1896001000000598E-02,  1.6859077251432733E-01,  1.4281540186553070E-04,  1.5625196897012056E-02,  3.1869445982558693E-10
  2.1901001000000600E-02,  1.6859075855359534E-01,  1.4281586758341797E-04,  1.5625133316893164E-02,  3.1869524601580329E-10
  2.1906001000000602E-02,  1.6859074513124905E-01,  1.4281635151410283E-04,  1.5625066842609808E-02,  3.1869604109057579E-10
  2.1911001000000603E-02,  1.6859073212969544E-01,  1.4281681767553975E-04,  1.5625003417860439E-02,  3.1869683204991857E-10
  2.1916001000000605E-02,  1.6859071873104350E-01,  1.4281726915920190E-04,  1.5624941946913891E-02,  3.1869760811851106E-10
  2.1921001000000606E-02,  1.6859070548584357E-01,  1.4281773371932737E-04,  1.5624878210588264E-02,  3.1869838281388271E-10
  2.1926001000000608E-02,  1.6859069258739867E-01,  1.4281819340978302E-04,  1.5624815449531287E-02,  3.1869915589714738E-10
  2.1931001000000609E-02,  1.6859067960187599E-01,  1.4281864124618965E-04,  1.5624754429750136E-02,  3.1869991947558202E-10
  2.1936001000000611E-02,  1.6859066680207849E-01,  1.4281909173742744E-04,  1.5624692797502199E-02,  3.1870067797486522E-10
  2.1941001000000612E-02,  1.6859065414184715E-01,  1.4281953600962636E-04,  1.5624632168686217E-02,  3.1870143028572282E-10
  2.1946001000000614E-02,  1.6859064131274279E-01,  1.4281997540586085E-04,  1.5624572183694924E-02,  3.1870217518326002E-10
  2.1951001000000615E-02,  1.6859062884405857E-01,  1.4282042039713590E-04,  1.5624511253835960E-02,  3.1870291921840379E-10
  2.1956001000000617E-02,  1.6859061609391374E-01,  1.4282085333003016E-04,  1.5624452276877407E-02,  3.1870365582688665E-10
  2.1961001000000618E-02,  1.6859060339986326E-01,  1.4282129549081916E-04,  1.5624391672134849E-02,  3.1870439270797866E-10
  2.1966001000000620E-02,  1.6859059073219892E-01,  1.4282173598155007E-04,  1.5624331483780771E-02,  3.1870513024080701E-10
  2.1971001000000621E-02,  1.6859057835121974E-01,  1.4282217553866680E-04,  1.5624271410741478E-02,  3.1870586718771458E-10
  2.1976001000000623E-02,  1.6859056621905058E-01,  1.4282260537151048E-04,  1.5624212818816430E-02,  3.1870659724361735E-10
  2.1981001000000625E-02,  1.6859055414238239E-01,  1.4282302654487644E-04,  1.5624155392669439E-02,  3.1870731641619417E-10
  2.1986001000000626E-02,  1.6859054164497303E-01,  1.4282344562683273E-04,  1.5624098139629970E-02,  3.1870802724158627E-10
  2.1991001000000628E-02,  1.6859052919350551E-01,  1.4282387889609811E-04,  1.5624038667134868E-02,  3.1870874291109725E-10
  2.1996001000000629E-02,  1.6859051696078103E-01,  1.4282431096121565E-04,  1.5623979624708545E-02,  3.1870946269764355E-10
  2.2001001000000631E-02,  1.6859050502754350E-01,  1.4282473559456231E-04,  1.5623921705815037E-02,  3.1871017941389105E-10
  2.2006001000000632E-02,  1.6859049321273537E-01,  1.4282514990995675E-04,  1.5623865247417018E-02,  3.1871088646280992E-10
  2.2011001000000634E-02,  1.6859048126742784E-01,  1.4282555996340205E-04,  1.5623809267634285E-02,  3.1871158404528371E-10
  2.2016001000000635E-02,  1.6859046879754142E-01,  1.4282597432844335E-04,  1.5623752551125990E-02,  3.1871227899750771E-10
  2.2021001000000637E-02,  1.6859045684716348E-01,  1.4282640655291219E-04,  1.5623693160303438E-02,  3.1871298520628400E-10
  2.2026001000000638E-02,  1.6859044485015801E-01,  1.4282682163756880E-04,  1.5623636715572368E-02,  3.1871368884127364E-10
  2.2031001000000640E-02,  1.6859043316625588E-01,  1.4282723787773137E-04,  1.5623579798107710E-02,  3.1871438894205651E-10
  2.2036001000000641E-02,  1.6859042125174589E-01,  1.4282764355093592E-04,  1.5623524527305303E-02,  3.1871508048755206E-10
  2.2041001000000643E-02,  1.6859040952886953E-01,  1.4282805676802443E-04,  1.5623467913695198E-02,  3.1871577088897813E-10
  2.2046001000000644E-02,  1.6859039782358523E-01,  1.4282846368650283E-04,  1.5623412399793639E-02,  3.1871645787621922E-10
  2.2051001000000646E-02,  1.6859038583570737E-01,  1.4282886985467297E-04,  1.5623356893207749E-02,  3.1871714155283431E-10
  2.2056001000000647E-02,  1.6859037412085118E-01,  1.4282928556826960E-04,  1.5623299904848335E-02,  3.1871782975631617E-10
  2.2061001000000649E-02,  1.6859036244193956E-01,  1.4282969227829981E-04,  1.5623244466983870E-02,  3.1871851594333545E-10
  2.2066001000000651E-02,  1.6859035103302991E-01,  1.4283009755019246E-04,  1.5623189095710220E-02,  3.1871919858835902E-10
  2.2071001000000652E-02,  1.6859033954537669E-01,  1.4283049364965320E-04,  1.5623135111716369E-02,  3.1871987314126113E-10
  2.2076001000000654E-02,  1.6859032819783318E-01,  1.4283089218806113E-04,  1.5623080594665655E-02,  3.1872054364949815E-10
  2.2081001000000655E-02,  1.6859031710459496E-01,  1.4283128604548510E-04,  1.5623026840371174E-02,  3.1872120946667305E-10
  2.2086001000000657E-02,  1.6859030617459717E-01,  1.4283167118161422E-04,  1.5622974348031490E-02,  3.1872186634600985E-10
  2.2091001000000658E-02,  1.6859029526675995E-01,  1.4283205057855769E-04,  1.5622922589071435E-02,  3.1872251342707796E-10
  2.2096001000000660E-02,  1.6859028409200436E-01,  1.4283242908432470E-04,  1.5622870868698541E-02,  3.1872315401064308E-10
