time_s,time_step,nonlinear_iter,tes_temperature_K,previous_current_A,raw_current_A,tes_resistance_ohm,raw_power_W,residual_W,omega,omega_cap,relaxed_power_W
  1.0000000000000000E-03,1,1,  1.6857000000000000E-01,  1.4353734493231094E-04,  1.4353734493231094E-04,  1.5526999999999971E-02,  3.1990230572190201E-10,  0.0000000000000000E+00,  5.0000000000000000E-01,  5.0000000000000000E-01,  3.1990230572190201E-10
  1.0000000000000000E-03,1,2,  1.6843722786003604E-01,  1.4353734493231094E-04,  1.4818182252295258E-04,  1.4917712088091784E-02,  3.2756092205898569E-10,  7.6586163370836784E-12,  2.0000000000000000E-02,  2.5000000000000000E-01,  3.2005547804864367E-10
  1.0000000000000000E-03,1,3,  1.6827701439947129E-01,  1.4353734493231094E-04,  1.5386022977934818E-04,  1.4222766568821599E-02,  3.3669513067782742E-10,  1.6639652629183753E-11,  2.0000000000000000E-02,  1.2500000000000000E-01,  3.2038827110122732E-10
  1.0000000000000000E-03,1,4,  1.6828635000662676E-01,  1.4353734493231094E-04,  1.5352722109671308E-04,  1.4262102489738041E-02,  3.3616642158873837E-10,  1.5778150487511044E-11,  1.6250000000000001E-01,  1.6250000000000001E-01,  3.2295222055544787E-10
  1.0000000000000000E-03,1,5,  1.6829323231783308E-01,  1.4353734493231094E-04,  1.5328188857936863E-04,  1.4291191196534159E-02,  3.3577635853112428E-10,  1.2824137975676403E-11,  2.1125000000000002E-01,  2.1125000000000002E-01,  3.2566131970280949E-10
  1.0000000000000000E-03,1,6,  1.6834703475601781E-01,  1.4353734493231094E-04,  1.5136888315937021E-04,  1.4521247576650256E-02,  3.3271864836343799E-10,  7.0573286606285021E-12,  2.7462500000000006E-01,  2.7462500000000006E-01,  3.2759943858623462E-10
  1.0000000000000000E-03,1,7,  1.6840210045232182E-01,  1.4353734493231094E-04,  1.4942007827433337E-04,  1.4761666320776329E-02,  3.2957427339983715E-10,  1.9748348136025263E-12,  3.5701250000000012E-01,  3.5701250000000012E-01,  3.2830447930012589E-10
  1.0000000000000000E-03,1,8,  1.6844077637701710E-01,  1.4353734493231094E-04,  1.4805695201677049E-04,  1.4933593227807448E-02,  3.2735722198206337E-10, -9.4725731806252003E-13,  2.4127942656261517E-01,  4.6411625000000017E-01,  3.2807592559761655E-10
  1.0000000000000000E-03,1,9,  1.6845407197294801E-01,  1.4353734493231094E-04,  1.4758944226757613E-04,  1.4993290172798296E-02,  3.2659349425914051E-10, -1.4824313384760434E-12,  2.0000000000000000E-02,  2.3205812500000009E-01,  3.2804627697084701E-10
  1.0000000000000000E-03,1,10,  1.6844868444497429E-01,  1.4353734493231094E-04,  1.4777881483472047E-04,  1.4969063424543419E-02,  3.2690306088963214E-10, -1.1432160812148711E-12,  8.7403576740339481E-02,  3.0167556250000011E-01,  3.2794635579636176E-10
  1.0000000000000000E-03,1,11,  1.6844825050895568E-01,  1.4353734493231094E-04,  1.4779407178422489E-04,  1.4967114280001539E-02,  3.2692798915389956E-10, -1.0183666424621995E-12,  3.9217823125000018E-01,  3.9217823125000018E-01,  3.2754697456775691E-10
  1.0000000000000000E-03,1,12,  1.6844616681840099E-01,  1.4353734493231094E-04,  1.4786734152831519E-04,  1.4957759341726634E-02,  3.2704767889761493E-10, -4.9929567014198728E-13,  5.0983170062500027E-01,  5.0983170062500027E-01,  3.2729241780713374E-10
  1.0000000000000000E-03,1,13,  1.6843782657801612E-01,  1.4353734493231094E-04,  1.4816075114521281E-04,  1.4920390086782295E-02,  3.2752655707651317E-10,  2.3413926937943177E-13,  3.4707476683520411E-01,  6.6278121081250041E-01,  3.2737368163946058E-10
  1.0000000000000000E-03,1,14,  1.6843278334594491E-01,  1.4353734493231094E-04,  1.4833827892724014E-04,  1.4897851563854203E-02,  3.2781597571161745E-10,  4.4229407215687124E-13,  2.0000000000000000E-02,  3.3139060540625020E-01,  3.2738252752090373E-10
  2.0000000000000000E-03,2,1,  1.6843470219946122E-01,  1.4833827892724014E-04,  1.4827131702624239E-04,  1.4906744821305176E-02,  3.2771559418307043E-10,  3.3306666216670074E-13,  2.0000000000000000E-02,  5.0000000000000000E-01,  3.2738918885414708E-10
  2.0000000000000000E-03,2,2,  1.6843482429881995E-01,  1.4833827892724014E-04,  1.4826701878459329E-04,  1.4907290382974336E-02,  3.2770858728568760E-10,  3.1939843154051986E-13,  4.8735885613274110E-01,  6.5000000000000002E-01,  3.2754485050839325E-10
  2.0000000000000000E-03,2,3,  1.6843452125707295E-01,  1.4833827892724014E-04,  1.4827768679510409E-04,  1.4905936385671337E-02,  3.2772597777192336E-10,  1.8112726353010532E-13,  8.4500000000000008E-01,  8.4500000000000008E-01,  3.2769790304607618E-10
  2.0000000000000000E-03,2,4,  1.6843781224240523E-01,  1.4833827892724014E-04,  1.4816184944424710E-04,  1.4920649043881878E-02,  3.2753709753885540E-10, -1.6080550722078816E-13,  4.4761002973429997E-01,  1.0000000000000000E+00,  3.2762592488820766E-10
  2.0000000000000000E-03,2,5,  1.6844091726756477E-01,  1.4833827892724014E-04,  1.4805258902823577E-04,  1.4934547455660835E-02,  3.2735884519986629E-10, -2.6707968834136136E-13,  2.0000000000000000E-02,  5.0000000000000000E-01,  3.2762058329444082E-10
  3.0000000000000001E-03,3,1,  1.6843927332025269E-01,  1.4805258902823577E-04,  1.4811039751813260E-04,  1.4927167678178629E-02,  3.2745264773962114E-10, -1.6793555481967451E-13,  2.0000000000000000E-02,  5.0000000000000000E-01,  3.2761722458334442E-10
  3.0000000000000001E-03,3,2,  1.6843921987278884E-01,  1.4805258902823577E-04,  1.4811227826141754E-04,  1.4926928452891272E-02,  3.2745571600127888E-10, -1.6150858206553624E-13,  5.2259613116157155E-01,  6.5000000000000002E-01,  3.2753282082320757E-10
  3.0000000000000001E-03,3,3,  1.6843984205536222E-01,  1.4805258902823577E-04,  1.4809038506665578E-04,  1.4929713582374826E-02,  3.2741999753059941E-10, -1.1282329260815714E-13,  8.4500000000000008E-01,  8.4500000000000008E-01,  3.2743748514095367E-10
  3.0000000000000001E-03,3,4,  1.6843803985892300E-01,  1.4805258902823577E-04,  1.4815380364355496E-04,  1.4921648087882475E-02,  3.2752345383468419E-10,  8.5968693730525853E-14,  4.7957507749567369E-01,  1.0000000000000000E+00,  3.2747871358391167E-10
  3.0000000000000001E-03,3,5,  1.6843609664462780E-01,  1.4805258902823577E-04,  1.4822219610535013E-04,  1.4912957756009801E-02,  3.2763498889216542E-10,  1.5627530825374500E-13,  2.0000000000000000E-02,  5.0000000000000000E-01,  3.2748183909007674E-10
  4.0000000000000001E-03,4,1,  1.6843704464737463E-01,  1.4822219610535013E-04,  1.4818885012552547E-04,  1.4917207959934314E-02,  3.2758092167955801E-10,  9.9082589481272754E-14,  2.0000000000000000E-02,  5.0000000000000000E-01,  3.2748382074186634E-10
  5.0000000000000001E-03,5,1,  1.6843707957552165E-01,  1.4818885012552547E-04,  1.4818761668642245E-04,  1.4917361919464592E-02,  3.2757884939539995E-10,  9.5028653533614884E-14,  2.0000000000000000E-02,  5.0000000000000000E-01,  3.2748572131493700E-10
  6.0000000000000001E-03,6,1,  1.6843682637035154E-01,  1.4818761668642245E-04,  1.4819652831648330E-04,  1.4916229516739613E-02,  3.2759338004651321E-10,  1.0765873157620708E-13,  2.0000000000000000E-02,  5.0000000000000000E-01,  3.2748787448956852E-10
  7.0000000000000001E-03,7,1,  1.6843682639183552E-01,  1.4819652831648330E-04,  1.4819652866235891E-04,  1.4916230212442275E-02,  3.2759339685482114E-10,  1.0552236525261140E-13,  2.0000000000000000E-02,  5.0000000000000000E-01,  3.2748998493687357E-10
  8.0000000000000002E-03,8,1,  1.6843685531002245E-01,  1.4819652866235891E-04,  1.4819551085067228E-04,  1.4916359527441331E-02,  3.2759173706083377E-10,  1.0175212396020899E-13,  2.0000000000000000E-02,  5.0000000000000000E-01,  3.2749201997935277E-10
  9.0000000000000011E-03,9,1,  1.6843688613479571E-01,  1.4819551085067228E-04,  1.4819442581130219E-04,  1.4916497301299417E-02,  3.2758996577060461E-10,  9.7945791251842855E-14,  2.0000000000000000E-02,  5.0000000000000000E-01,  3.2749397889517779E-10
  1.0000000000000002E-02,10,1,  1.6843692031484217E-01,  1.4819442581130219E-04,  1.4819322267441680E-04,  1.4916650076670299E-02,  3.2758800175880683E-10,  9.4022863629038603E-14,  2.0000000000000000E-02,  5.0000000000000000E-01,  3.2749585935245036E-10
  1.1000000000000003E-02,11,1,  1.6843696266133804E-01,  1.4819322267441680E-04,  1.4819173210127236E-04,  1.4916839366101914E-02,  3.2758556877496911E-10,  8.9709422518741799E-14,  2.0000000000000000E-02,  5.0000000000000000E-01,  3.2749765354090076E-10
  1.2000000000000004E-02,12,1,  1.6843700441919052E-01,  1.4819173210127236E-04,  1.4819026221598984E-04,  1.4917026006845871E-02,  3.2758316898749591E-10,  8.5515446595147714E-14,  2.0000000000000000E-02,  5.0000000000000000E-01,  3.2749936384983268E-10
  1.3000000000000005E-02,13,1,  1.6843703728480627E-01,  1.4819026221598984E-04,  1.4818910530651447E-04,  1.4917172885025851E-02,  3.2758127962291786E-10,  8.1915773085186442E-14,  2.0000000000000000E-02,  5.0000000000000000E-01,  3.2750100216529437E-10
  1.4000000000000005E-02,14,1,  1.6843707819030679E-01,  1.4818910530651447E-04,  1.4818766547130464E-04,  1.4917355741729685E-02,  3.2757892941957477E-10,  7.7927254280399843E-14,  2.0000000000000000E-02,  5.0000000000000000E-01,  3.2750256071037995E-10
  1.5000000000000006E-02,15,1,  1.6843712162323660E-01,  1.4818766547130464E-04,  1.4818613665260313E-04,  1.4917549885530984E-02,  3.2757643356785217E-10,  7.3872857472217314E-14,  2.0000000000000000E-02,  5.0000000000000000E-01,  3.2750403816752938E-10
  1.6000000000000007E-02,16,1,  1.6843715481214727E-01,  1.4818613665260313E-04,  1.4818496836957814E-04,  1.4917698212245603E-02,  3.2757452551026697E-10,  7.0487342737591431E-14,  2.0000000000000000E-02,  5.0000000000000000E-01,  3.2750544791438412E-10
  1.7000000000000008E-02,17,1,  1.6843719268915811E-01,  1.4818496836957814E-04,  1.4818363513626547E-04,  1.4917867531961573E-02,  3.2757234909093400E-10,  6.6901176549882739E-14,  2.0000000000000000E-02,  5.0000000000000000E-01,  3.2750678593791511E-10
  1.8000000000000009E-02,18,1,  1.6843722964119182E-01,  1.4818363513626547E-04,  1.4818233444167936E-04,  1.4918032706159198E-02,  3.2757022542304002E-10,  6.3439485124910498E-14,  2.0000000000000000E-02,  5.0000000000000000E-01,  3.2750805472761760E-10
  1.9000000000000010E-02,19,1,  1.6843727260168623E-01,  1.4818233444167936E-04,  1.4818082228830603E-04,  1.4918224757682064E-02,  3.2756775694027829E-10,  5.9702212660684583E-14,  2.0000000000000000E-02,  5.0000000000000000E-01,  3.2750924877187084E-10
  2.0000000000000011E-02,20,1,  1.6843731524682837E-01,  1.4818082228830603E-04,  1.4817932121336506E-04,  1.4918415387718167E-02,  3.2756530612184712E-10,  5.6057349976281313E-14,  2.0000000000000000E-02,  5.0000000000000000E-01,  3.2751036991887037E-10
  2.0018000000000011E-02,21,1,  1.6843735332633469E-01,  1.4817932121336506E-04,  1.4817798981430180E-04,  1.4918590488937913E-02,  3.2756326441285032E-10,  5.2894493979950312E-14,  1.0000000000000001E-01,  2.5000000000000000E-01,  3.2751565936826834E-10
  2.0019000000000012E-02,22,1,  1.6843739267223412E-01,  1.4817798981430180E-04,  1.4817674918334383E-04,  1.4918844893880512E-02,  3.2756336514518049E-10,  4.7705776912151165E-14,  1.0000000000000001E-01,  2.5000000000000000E-01,  3.2752042994595954E-10
  2.0020000000000013E-02,23,1,  1.6843740610679747E-01,  1.4817674918334383E-04,  1.4817619179390335E-04,  1.4918858968710841E-02,  3.2756120982026804E-10,  4.0779874308502133E-14,  1.0000000000000001E-01,  5.0000000000000000E-01,  3.2752450793339042E-10
  2.0020001000000013E-02,24,1,  1.6843740786633182E-01,  1.4817619179390335E-04,  1.4817619074427698E-04,  1.4918899962293869E-02,  3.2756210524225000E-10,  3.7597308859582390E-14,  1.0000000000000001E-01,  2.5000000000000000E-01,  3.2752826766427635E-10
  2.0020001000000013E-02,24,2,  1.6843741027231363E-01,  1.4817619179390335E-04,  1.4817619006507988E-04,  1.4918956428174687E-02,  3.2756334201457837E-10,  3.5074350302013676E-14,  3.2500000000000001E-01,  3.2500000000000001E-01,  3.2753966682812452E-10
  2.0020011000000015E-02,25,1,  1.6843741029579404E-01,  1.4817619006507988E-04,  1.4817617400820259E-04,  1.4918948246055636E-02,  3.2756309137475377E-10,  2.3424546629256489E-14,  1.0000000000000001E-01,  2.5000000000000000E-01,  3.2754200928278746E-10
  2.0020011000000015E-02,25,2,  1.6843741029935741E-01,  1.4817619006507988E-04,  1.4817617399882072E-04,  1.4918948325126788E-02,  3.2756309306937435E-10,  2.1083786586880969E-14,  3.2500000000000001E-01,  3.2500000000000001E-01,  3.2754886151342822E-10
  2.0020021000000016E-02,26,1,  1.6843741272185156E-01,  1.4817617399882072E-04,  1.4817615275613708E-04,  1.4918993992171781E-02,  3.2756400182334542E-10,  1.5140309917203715E-14,  3.2500000000000001E-01,  5.0000000000000000E-01,  3.2755378211415133E-10
  2.0020021000000016E-02,26,2,  1.6843741273587190E-01,  1.4817617399882072E-04,  1.4817615271922285E-04,  1.4918994303282460E-02,  3.2756400849093696E-10,  1.0226376785625232E-14,  6.5000000000000002E-01,  6.5000000000000002E-01,  3.2756042925906197E-10
  2.0020031000000018E-02,27,1,  1.6843741735793066E-01,  1.4817615271922285E-04,  1.4817612086192190E-04,  1.4919086154096151E-02,  3.2756588433237509E-10,  5.4550733131229062E-15,  5.0000000000000000E-01,  5.0000000000000000E-01,  3.2756315679571853E-10
  2.0020031000000018E-02,27,2,  1.6843741737192569E-01,  1.4817615271922285E-04,  1.4817612082507415E-04,  1.4919086464645070E-02,  3.2756589098792257E-10,  2.7341922040375297E-15,  6.5000000000000002E-01,  6.5000000000000002E-01,  3.2756493402065115E-10
  2.0020041000000020E-02,28,1,  1.6843742413425586E-01,  1.4817612082507415E-04,  1.4817607351207978E-04,  1.4919220464468544E-02,  3.2756862392284899E-10,  3.6899021978325193E-15,  5.0000000000000000E-01,  5.0000000000000000E-01,  3.2756677897175004E-10
  2.0020041000000020E-02,28,2,  1.6843742413770049E-01,  1.4817612082507415E-04,  1.4817607350301032E-04,  1.4919220540904762E-02,  3.2756862556099478E-10,  1.8465892447388721E-15,  6.5000000000000002E-01,  6.5000000000000002E-01,  3.2756797925475911E-10
  2.0020051000000021E-02,29,1,  1.6843743295723385E-01,  1.4817607350301032E-04,  1.4817600649972372E-04,  1.4919392423345945E-02,  3.2757210318958159E-10,  4.1239348224870771E-15,  5.0000000000000000E-01,  5.0000000000000000E-01,  3.2757004122217032E-10
  2.0020051000000021E-02,29,2,  1.6843743296028552E-01,  1.4817607350301032E-04,  1.4817600649168897E-04,  1.4919392491062361E-02,  3.2757210464084713E-10,  2.0634186768032478E-15,  6.5000000000000002E-01,  6.5000000000000002E-01,  3.2757138244431027E-10
  2.0020061000000023E-02,30,1,  1.6843744375711500E-01,  1.4817600649168897E-04,  1.4817591606592281E-04,  1.4919598337773537E-02,  3.2757622442461829E-10,  4.8419803080253989E-15,  5.0000000000000000E-01,  5.0000000000000000E-01,  3.2757380343446425E-10
  2.0020061000000023E-02,30,2,  1.6843744376038697E-01,  1.4817600649168897E-04,  1.4817591605730817E-04,  1.4919598410378376E-02,  3.2757622598064837E-10,  2.4225461841166389E-15,  6.5000000000000002E-01,  6.5000000000000002E-01,  3.2757537808948391E-10
  2.0020071000000025E-02,31,1,  1.6843745645383024E-01,  1.4817591605730817E-04,  1.4817579896700094E-04,  1.4919834551382127E-02,  3.2758089299967025E-10,  5.5149101863423560E-15,  5.0000000000000000E-01,  5.0000000000000000E-01,  3.2757813554457708E-10
  2.0020071000000025E-02,31,2,  1.6843745645736549E-01,  1.4817591605730817E-04,  1.4817579895769296E-04,  1.4919834629829279E-02,  3.2758089468090580E-10,  2.7591363287189041E-15,  6.5000000000000002E-01,  6.5000000000000002E-01,  3.2757992898319073E-10
  2.0020081000000026E-02,32,1,  1.6843747096795336E-01,  1.4817579895769296E-04,  1.4817565241244629E-04,  1.4920097669562996E-02,  3.2758602203564920E-10,  6.0930524584714260E-15,  5.0000000000000000E-01,  5.0000000000000000E-01,  3.2758297550941994E-10
  2.0020081000000026E-02,32,2,  1.6843747097152109E-01,  1.4817579895769296E-04,  1.4817565240305279E-04,  1.4920097748730765E-02,  3.2758602373232444E-10,  3.0482229044973133E-15,  6.5000000000000002E-01,  6.5000000000000002E-01,  3.2758495685430786E-10
  2.0020091000000028E-02,33,1,  1.6843748722015581E-01,  1.4817565240305279E-04,  1.4817547403003924E-04,  1.4920384527612379E-02,  3.2759153154922646E-10,  6.5746949186023635E-15,  5.0000000000000000E-01,  5.0000000000000000E-01,  3.2758824420176713E-10
  2.0020091000000028E-02,33,2,  1.6843748722419533E-01,  1.4817565240305279E-04,  1.4817547401940376E-04,  1.4920384617249219E-02,  3.2759153347026374E-10,  3.2892684966022879E-15,  6.5000000000000002E-01,  6.5000000000000002E-01,  3.2759038222628992E-10
  2.0020101000000030E-02,34,1,  1.6843750513313777E-01,  1.4817547401940376E-04,  1.4817526182692658E-04,  1.4920692215170048E-02,  3.2759734881751576E-10,  6.9665912258452061E-15,  5.0000000000000000E-01,  5.0000000000000000E-01,  3.2759386552190284E-10
  2.0020101000000030E-02,34,2,  1.6843750513734826E-01,  1.4817547401940376E-04,  1.4817526181584099E-04,  1.4920692308600839E-02,  3.2759735081985584E-10,  3.4852979530047858E-15,  6.5000000000000002E-01,  6.5000000000000002E-01,  3.2759613096557228E-10
  2.0020201000000029E-02,35,1,  1.6843752463203440E-01,  1.4817526181584099E-04,  1.4817378168532441E-04,  1.4920347461846117E-02,  3.2758323480563055E-10, -1.2896159941730175E-14,  1.0000000000000001E-01,  2.5000000000000000E-01,  3.2759484134957811E-10
  2.0020201000000029E-02,35,2,  1.6843752463626110E-01,  1.4817526181584099E-04,  1.4817378161881558E-04,  1.4920347525503169E-02,  3.2758323590917495E-10, -1.1605440403156745E-14,  3.2500000000000001E-01,  3.2500000000000001E-01,  3.2759106958144709E-10
  2.0020301000000029E-02,36,1,  1.6843782182139036E-01,  1.4817378161881558E-04,  1.4816828691940510E-04,  1.4924378050241188E-02,  3.2764742644955033E-10,  5.6356868103241680E-14,  3.2500000000000001E-01,  5.0000000000000000E-01,  3.2760938556358066E-10
  2.0020301000000029E-02,36,2,  1.6843782173566288E-01,  1.4817378161881558E-04,  1.4816828826830485E-04,  1.4924376759095373E-02,  3.2764740406963633E-10,  3.8018506055670333E-14,  6.5000000000000002E-01,  6.5000000000000002E-01,  3.2763409759251683E-10
  2.0020401000000028E-02,37,1,  1.6843818227293844E-01,  1.4816828826830485E-04,  1.4815957793033442E-04,  1.4928154146619091E-02,  3.2769180094167884E-10,  5.7703349162006224E-14,  5.0000000000000000E-01,  5.0000000000000000E-01,  3.2766294926709781E-10
  2.0020401000000028E-02,37,2,  1.6843818268506722E-01,  1.4816828826830485E-04,  1.4815957144594802E-04,  1.4928160353903208E-02,  3.2769190851570790E-10,  2.8959248610088458E-14,  6.5000000000000002E-01,  6.5000000000000002E-01,  3.2768177277869435E-10
  2.0020501000000027E-02,38,1,  1.6843858024344641E-01,  1.4815957144594802E-04,  1.4814849652517847E-04,  1.4931525669789752E-02,  3.2771678231396493E-10,  3.5009535270579425E-14,  5.0000000000000000E-01,  5.0000000000000000E-01,  3.2769927754632961E-10
  2.0020501000000027E-02,38,2,  1.6843858055004371E-01,  1.4815957144594802E-04,  1.4814849170151513E-04,  1.4931530287774858E-02,  3.2771686232870161E-10,  1.7584782371997946E-14,  6.5000000000000002E-01,  6.5000000000000002E-01,  3.2771070765487142E-10
  2.0020601000000027E-02,39,1,  1.6843899661835379E-01,  1.4814849170151513E-04,  1.4813581931184366E-04,  1.4934463648904397E-02,  3.2772517027830472E-10,  1.4462623433295910E-14,  5.0000000000000000E-01,  5.0000000000000000E-01,  3.2771793896658807E-10
  2.0020601000000027E-02,39,2,  1.6843899679218860E-01,  1.4814849170151513E-04,  1.4813581657710414E-04,  1.4934466267314470E-02,  3.2772521563698480E-10,  7.2766703967342814E-15,  6.5000000000000002E-01,  6.5000000000000002E-01,  3.2772266880234596E-10
  2.0020701000000026E-02,40,1,  1.6843941909545102E-01,  1.4813581657710414E-04,  1.4812216423517951E-04,  1.4937013707325031E-02,  3.2772070274794373E-10, -1.9660544022317763E-15,  5.0000000000000000E-01,  5.0000000000000000E-01,  3.2772168577514484E-10
  2.0020701000000026E-02,40,2,  1.6843941914567848E-01,  1.4813581657710414E-04,  1.4812216344506517E-04,  1.4937014463913101E-02,  3.2772071585135829E-10, -9.6992378655522498E-16,  6.5000000000000002E-01,  6.5000000000000002E-01,  3.2772105532468357E-10
  2.0020801000000026E-02,41,1,  1.6843983980416716E-01,  1.4812216344506517E-04,  1.4810799645947992E-04,  1.4939243024871734E-02,  3.2770691552147938E-10, -1.4139803204187969E-14,  5.0000000000000000E-01,  5.0000000000000000E-01,  3.2771398542308145E-10
  2.0020801000000026E-02,41,2,  1.6843983975514007E-01,  1.4812216344506517E-04,  1.4810799723065677E-04,  1.4939242286335377E-02,  3.2770690273360620E-10, -7.0826894752458525E-15,  6.5000000000000002E-01,  6.5000000000000002E-01,  3.2770938167492253E-10
  2.0020901000000025E-02,42,1,  1.6844025392868514E-01,  1.4810799723065677E-04,  1.4809364879046853E-04,  1.4941218924188870E-02,  3.2768676156714793E-10, -2.2620107774606576E-14,  5.0000000000000000E-01,  5.0000000000000000E-01,  3.2769807162103526E-10
  2.0020901000000025E-02,42,2,  1.6844025381188571E-01,  1.4810799723065677E-04,  1.4809365062754792E-04,  1.4941217164669965E-02,  3.2768673110766535E-10, -1.1340513369904535E-14,  6.5000000000000002E-01,  6.5000000000000002E-01,  3.2769070028734481E-10
  2.0021001000000024E-02,43,1,  1.6844065874550285E-01,  1.4809365062754792E-04,  1.4807934800375482E-04,  1.4943000461183770E-02,  3.2766254257246354E-10, -2.8157714881268449E-14,  5.0000000000000000E-01,  5.0000000000000000E-01,  3.2767662142990420E-10
  2.0021001000000024E-02,43,2,  1.6844065857384619E-01,  1.4809365062754792E-04,  1.4807935070346805E-04,  1.4942997875168756E-02,  3.2766249781521428E-10, -1.4123614689923927E-14,  6.5000000000000002E-01,  6.5000000000000002E-01,  3.2766744108035577E-10
  2.0022001000000025E-02,44,1,  1.6844105289705485E-01,  1.4807935070346805E-04,  1.4805125777965139E-04,  1.4937027018802215E-02,  3.2740730816130537E-10, -2.6013291905039934E-13,  1.0000000000000001E-01,  2.5000000000000000E-01,  3.2764142778845072E-10
  2.0022001000000025E-02,44,2,  1.6844105269870482E-01,  1.4807935070346805E-04,  1.4805126399036831E-04,  1.4937025712611005E-02,  3.2740730699999554E-10, -2.3412078845517860E-13,  3.2500000000000001E-01,  3.2500000000000001E-01,  3.2756533853220281E-10
  2.0023001000000026E-02,45,1,  1.6844436063603552E-01,  1.4805126399036831E-04,  1.4794461240476474E-04,  1.4957136932233939E-02,  3.2737595505444387E-10, -1.8938347775893344E-13,  3.2500000000000001E-01,  5.0000000000000000E-01,  3.2750378890193116E-10
  2.0023001000000026E-02,45,2,  1.6844434599445085E-01,  1.4805126399036831E-04,  1.4794507068636911E-04,  1.4957040418422191E-02,  3.2737587078455963E-10, -1.2791811737153022E-13,  6.5000000000000002E-01,  6.5000000000000002E-01,  3.2742064212563968E-10
  2.0024001000000027E-02,46,1,  1.6844733366262407E-01,  1.4794507068636911E-04,  1.4783987094143725E-04,  1.4970376029804319E-02,  3.2720193151985223E-10, -2.1871060578744582E-13,  5.0000000000000000E-01,  5.0000000000000000E-01,  3.2731128682274595E-10
  2.0024001000000027E-02,46,2,  1.6844731795100495E-01,  1.4794507068636911E-04,  1.4784036255962720E-04,  1.4970272377976240E-02,  3.2720184214592033E-10, -1.0944467682562342E-13,  6.5000000000000002E-01,  6.5000000000000002E-01,  3.2724014778280931E-10
  2.0025001000000028E-02,47,1,  1.6845014529656446E-01,  1.4784036255962720E-04,  1.4774036650553303E-04,  1.4982652165079616E-02,  3.2702958348971706E-10, -2.1056429309225138E-13,  5.0000000000000000E-01,  5.0000000000000000E-01,  3.2713486563626319E-10
  2.0025001000000028E-02,47,2,  1.6845013168770934E-01,  1.4784036255962720E-04,  1.4774079220104339E-04,  1.4982562316400522E-02,  3.2702950692484135E-10, -1.0535871142183866E-13,  6.5000000000000002E-01,  6.5000000000000002E-01,  3.2706638247383897E-10
  2.0026001000000029E-02,48,1,  1.6845287679604606E-01,  1.4774079220104339E-04,  1.4764395652085185E-04,  1.4994719056599964E-02,  3.2686595055594094E-10, -2.0043191789803374E-13,  5.0000000000000000E-01,  5.0000000000000000E-01,  3.2696616651488993E-10
  2.0026001000000029E-02,48,2,  1.6845286363385661E-01,  1.4774079220104339E-04,  1.4764436812463892E-04,  1.4994632091789431E-02,  3.2686587730729516E-10, -1.0028920759476254E-13,  6.5000000000000002E-01,  6.5000000000000002E-01,  3.2690097852995333E-10
  2.0027001000000030E-02,49,1,  1.6845555986837890E-01,  1.4764436812463892E-04,  1.4754942847532113E-04,  1.5006665966199956E-02,  3.2670763129345353E-10, -1.9334723649980475E-13,  5.0000000000000000E-01,  5.0000000000000000E-01,  3.2680430491170343E-10
  2.0027001000000030E-02,49,2,  1.6845554734152893E-01,  1.4764436812463892E-04,  1.4754982009880873E-04,  1.5006583138153437E-02,  3.2670756233556766E-10, -9.6742576135766764E-14,  6.5000000000000002E-01,  6.5000000000000002E-01,  3.2674142223721519E-10
  2.0028001000000031E-02,50,1,  1.6845820928965977E-01,  1.4754982009880873E-04,  1.4745617946342952E-04,  1.5018513893186994E-02,  3.2655242652329127E-10, -1.8899571392391837E-13,  5.0000000000000000E-01,  5.0000000000000000E-01,  3.2664692438025323E-10
  2.0028001000000031E-02,50,2,  1.6845819718194330E-01,  1.4754982009880873E-04,  1.4745655787643113E-04,  1.5018433778123147E-02,  3.2655236059483177E-10, -9.4563785421459626E-14,  6.5000000000000002E-01,  6.5000000000000002E-01,  3.2658545791972926E-10
  2.0029001000000032E-02,51,1,  1.6846083110699669E-01,  1.4745655787643113E-04,  1.4736395472305505E-04,  1.5030267065845024E-02,  3.2639931096681279E-10, -1.8614695291647266E-13,  5.0000000000000000E-01,  5.0000000000000000E-01,  3.2649238444327100E-10
  2.0029001000000032E-02,51,2,  1.6846081929608062E-01,  1.4745655787643113E-04,  1.4736432375625711E-04,  1.5030188858276436E-02,  3.2639924735196526E-10, -9.3137091305738526E-14,  6.5000000000000002E-01,  6.5000000000000002E-01,  3.2643184533392230E-10
  2.0030001000000033E-02,52,1,  1.6846342780213661E-01,  1.4736432375625711E-04,  1.4727264771387648E-04,  1.5041926139204145E-02,  3.2624783726195553E-10, -1.8400807196676165E-13,  5.0000000000000000E-01,  5.0000000000000000E-01,  3.2633984129793891E-10
  2.0030001000000033E-02,52,2,  1.6846341614789739E-01,  1.4736432375625711E-04,  1.4727301175030742E-04,  1.5041848913926070E-02,  3.2624777517244782E-10, -9.2066125491092662E-14,  6.5000000000000002E-01,  6.5000000000000002E-01,  3.2627999831636970E-10
  2.0040001000000033E-02,53,1,  1.6846600035664153E-01,  1.4727301175030742E-04,  1.4717219068892658E-04,  1.5048036289000588E-02,  3.2593525506803738E-10, -3.4474324833231206E-13,  1.0000000000000001E-01,  2.5000000000000000E-01,  3.2624552399153645E-10
  2.0040001000000033E-02,53,2,  1.6846598883441649E-01,  1.4727301175030742E-04,  1.4717259024357688E-04,  1.5047981508227781E-02,  3.2593583828081138E-10, -3.0968571072507479E-13,  3.2500000000000001E-01,  3.2500000000000001E-01,  3.2614487613555083E-10
  2.0050001000000033E-02,54,1,  1.6849148647610676E-01,  1.4717259024357688E-04,  1.4628824795277307E-04,  1.5169117171450877E-02,  3.2462292233655289E-10, -1.5219537989979436E-12,  3.2500000000000001E-01,  5.0000000000000000E-01,  3.2565024115087649E-10
  2.0050001000000033E-02,54,2,  1.6849124804295182E-01,  1.4717259024357688E-04,  1.4629649610507325E-04,  1.5167972713350741E-02,  3.2463503526411932E-10, -1.0152058867571633E-12,  6.5000000000000002E-01,  6.5000000000000002E-01,  3.2499035732448434E-10
  2.0050001000000033E-02,54,3,  1.6851524528341005E-01,  1.4717259024357688E-04,  1.4546730696463731E-04,  1.5283674714700546E-02,  3.2341382707669442E-10, -1.5765302477899233E-12,  2.0000000000000000E-02,  3.2500000000000001E-01,  3.2495882671952855E-10
  2.0060001000000032E-02,55,1,  1.6851413996719525E-01,  1.4546730696463731E-04,  1.4548439132600847E-04,  1.5266860175308802E-02,  3.2313390637179201E-10, -1.8249203477365415E-12,  2.0000000000000000E-02,  5.0000000000000000E-01,  3.2492232831257382E-10
  2.0060001000000032E-02,55,2,  1.6851409182448154E-01,  1.4546730696463731E-04,  1.4548605321766431E-04,  1.5266627181348344E-02,  3.2313635724054037E-10, -1.7859710720334550E-12,  6.5000000000000002E-01,  6.5000000000000002E-01,  3.2376144711575208E-10
  2.0060001000000032E-02,55,3,  1.6853631334206404E-01,  1.4546730696463731E-04,  1.4471979344861562E-04,  1.5374622877451255E-02,  3.2200331283182138E-10, -1.7581342839306995E-12,  8.4500000000000008E-01,  8.4500000000000008E-01,  3.2227582364583064E-10
  2.0060001000000032E-02,55,4,  1.6853443348301078E-01,  1.4546730696463731E-04,  1.4478455166882736E-04,  1.5365451713343262E-02,  3.2209930183681218E-10, -1.7652180901846100E-13,  9.3930940321135004E-01,  1.0000000000000000E+00,  3.2211001505074774E-10
  2.0070001000000032E-02,56,1,  1.6853212179484398E-01,  1.4478455166882736E-04,  1.4485574523906194E-04,  1.5349581211340765E-02,  3.2208313183580730E-10, -2.6883214940441926E-14,  5.0000000000000000E-01,  5.0000000000000000E-01,  3.2209657344327752E-10
  2.0070001000000032E-02,56,2,  1.6853187068322217E-01,  1.4478455166882736E-04,  1.4486439881030973E-04,  1.5348357849931119E-02,  3.2209594189610467E-10, -6.3154717284959623E-16,  5.1202870572720793E-01,  6.5000000000000002E-01,  3.2209625007299600E-10
  2.0080001000000031E-02,57,1,  1.6854925014577038E-01,  1.4486439881030973E-04,  1.4426698014381598E-04,  1.5433840787263120E-02,  3.2122393502563061E-10, -8.7231504736538737E-13,  5.0000000000000000E-01,  5.0000000000000000E-01,  3.2166009254931331E-10
  2.0080001000000031E-02,57,2,  1.6854919360157575E-01,  1.4486439881030973E-04,  1.4426892540310985E-04,  1.5433563513399057E-02,  3.2122682664192850E-10, -4.3326590738480384E-13,  6.5000000000000002E-01,  6.5000000000000002E-01,  3.2137846970951318E-10
  2.0080001000000031E-02,57,3,  1.6856532074803243E-01,  1.4486439881030973E-04,  1.4371455427266227E-04,  1.5512886348922908E-02,  3.2040118621724705E-10, -9.7728349226613759E-13,  2.0000000000000000E-02,  3.2500000000000001E-01,  3.2135892403966785E-10
  2.0090001000000031E-02,58,1,  1.6856483009019818E-01,  1.4371455427266227E-04,  1.4371709832096486E-04,  1.5502680010926806E-02,  3.2020172198721348E-10, -1.1572020524543656E-12,  2.0000000000000000E-02,  5.0000000000000000E-01,  3.2133577999861878E-10
  2.0090001000000031E-02,58,2,  1.6856479956474060E-01,  1.4371455427266227E-04,  1.4371814690609770E-04,  1.5502529472376347E-02,  3.2020328514043257E-10, -1.1324948581862165E-12,  6.5000000000000002E-01,  6.5000000000000002E-01,  3.2059965834079775E-10
  2.0090001000000031E-02,58,3,  1.6857985806346054E-01,  1.4371455427266227E-04,  1.4320125858902522E-04,  1.5577003073663137E-02,  3.1943137841886938E-10, -1.1682799219283641E-12,  2.0000000000000000E-02,  8.4500000000000008E-01,  3.2057629274235918E-10
  2.0100001000000031E-02,59,1,  1.6857866284156711E-01,  1.4320125858902522E-04,  1.4323585576395408E-04,  1.5567593715292087E-02,  3.1939269799587166E-10, -1.1835947464875247E-12,  2.0000000000000000E-02,  5.0000000000000000E-01,  3.2055262084742946E-10
  2.0100001000000031E-02,59,2,  1.6857862802928925E-01,  1.4320125858902522E-04,  1.4323704998199017E-04,  1.5567421152119919E-02,  3.1939448338950343E-10, -1.1581374579260267E-12,  6.5000000000000002E-01,  6.5000000000000002E-01,  3.1979983149977755E-10
  2.0100001000000031E-02,59,3,  1.6859193959055069E-01,  1.4320125858902522E-04,  1.4278070868666855E-04,  1.5633572161351153E-02,  3.1871117324592142E-10, -1.0886582538561275E-12,  8.4500000000000008E-01,  8.4500000000000008E-01,  3.1887991527526914E-10
  2.0100001000000031E-02,59,4,  1.6859072365163635E-01,  1.4320125858902522E-04,  1.4282236754334387E-04,  1.5627515780326146E-02,  3.1877364044184675E-10, -1.0627483342238296E-13,  9.3641261179088697E-01,  1.0000000000000000E+00,  3.1878039818093645E-10
  2.0110001000000030E-02,60,1,  1.6858929278702212E-01,  1.4282236754334387E-04,  1.4286666446679716E-04,  1.5617817716197885E-02,  3.1877346286272624E-10, -6.9353182102067845E-15,  5.0000000000000000E-01,  5.0000000000000000E-01,  3.1877693052183132E-10
  2.0110001000000030E-02,60,2,  1.6858914213282622E-01,  1.4282236754334387E-04,  1.4287182717986706E-04,  1.5617067988054761E-02,  3.1878119832634606E-10,  4.2678045147403563E-15,  3.0952611965783439E-01,  6.5000000000000002E-01,  3.1877825151880221E-10
  2.0120001000000030E-02,61,1,  1.6859933854988593E-01,  1.4287182717986706E-04,  1.4252320612350108E-04,  1.5668243514551802E-02,  3.1826690407539782E-10, -5.1134744340439216E-13,  3.0952611965783439E-01,  5.0000000000000000E-01,  3.1861997612884829E-10
  2.0120001000000030E-02,61,2,  1.6859930774118784E-01,  1.4287182717986706E-04,  1.4252426081224969E-04,  1.5668089606204548E-02,  3.1826848815339566E-10, -3.5148797545262389E-13,  6.5000000000000002E-01,  6.5000000000000002E-01,  3.1839150894480408E-10
  2.0120001000000030E-02,61,3,  1.6860886069924244E-01,  1.4287182717986706E-04,  1.4219738826467954E-04,  1.5715898673706680E-02,  3.1777699922811350E-10, -6.1450971669057959E-13,  2.0000000000000000E-02,  3.2500000000000001E-01,  3.1837921875047025E-10
  2.0220001000000029E-02,62,1,  1.6860847343444385E-01,  1.4219738826467954E-04,  1.4220224169578992E-04,  1.5709391313206929E-02,  3.1766710365904937E-10, -7.1211509142088295E-13,  1.0000000000000001E-01,  2.5000000000000000E-01,  3.1830800724132819E-10
  2.0220001000000029E-02,62,2,  1.6860845446370015E-01,  1.4219738826467954E-04,  1.4220289794483382E-04,  1.5709300250625780E-02,  3.1766819423234922E-10, -6.3981300897896719E-13,  3.2500000000000001E-01,  3.2500000000000001E-01,  3.1810006801341003E-10
  2.0220001000000029E-02,62,3,  1.6866679130168671E-01,  1.4219738826467954E-04,  1.4019073652217216E-04,  1.5992518488361522E-02,  3.1430804424646788E-10, -3.7920237669421461E-12,  2.0000000000000000E-02,  1.6250000000000001E-01,  3.1802422753807116E-10
  2.0220001000000029E-02,62,4,  1.6866377426077800E-01,  1.4219738826467954E-04,  1.4029451055771596E-04,  1.5977713268123167E-02,  3.1448213537441315E-10, -3.5420921636580080E-12,  2.1125000000000002E-01,  2.1125000000000002E-01,  3.1727596056849839E-10
  2.0220001000000029E-02,62,5,  1.6866306630714634E-01,  1.4219738826467954E-04,  1.4031886592644939E-04,  1.5974241712510460E-02,  3.1452298134111972E-10, -2.7529792273786744E-12,  2.7462500000000006E-01,  2.7462500000000006E-01,  3.1651992364817950E-10
  2.0220001000000029E-02,62,6,  1.6865596091640708E-01,  1.4219738826467954E-04,  1.4056340617815948E-04,  1.5939452213203031E-02,  3.1493283102260246E-10, -1.5870926255770447E-12,  3.5701250000000012E-01,  3.5701250000000012E-01,  3.1595331174219068E-10
  2.0220001000000029E-02,62,7,  1.6864889418576107E-01,  1.4219738826467954E-04,  1.4080679070366614E-04,  1.5904947116285623E-02,  3.1534026596124199E-10, -6.1304578094869167E-13,  4.6411625000000017E-01,  4.6411625000000017E-01,  3.1566878723325843E-10
  2.0220001000000029E-02,62,8,  1.6864363216674613E-01,  1.4219738826467954E-04,  1.4098813226363512E-04,  1.5879315419780202E-02,  3.1564352876594927E-10, -2.5258467309161596E-14,  4.8406030945185979E-01,  6.0335112500000021E-01,  3.1565656061175647E-10
  2.0320001000000028E-02,63,1,  1.6864102136409184E-01,  1.4098813226363512E-04,  1.4107660345194845E-04,  1.5865780078435289E-02,  3.1577040217434455E-10,  1.1384156258807610E-13,  4.8406030945185979E-01,  5.0000000000000000E-01,  3.1571166679377136E-10
  2.0320001000000028E-02,63,2,  1.6864095672213314E-01,  1.4098813226363512E-04,  1.4107883236422791E-04,  1.5865465854498217E-02,  3.1577412608545159E-10,  6.2459291680222769E-14,  6.5000000000000002E-01,  6.5000000000000002E-01,  3.1575226533336348E-10
  2.0420001000000028E-02,64,1,  1.6866152544779620E-01,  1.4107883236422791E-04,  1.4037045370619852E-04,  1.5965912355114076E-02,  3.1459017005070253E-10, -1.1620952826609536E-12,  5.0000000000000000E-01,  5.0000000000000000E-01,  3.1517121769203303E-10
  2.0420001000000028E-02,64,2,  1.6866154201062966E-01,  1.4107883236422791E-04,  1.4036988379068668E-04,  1.5965993512061044E-02,  3.1458921462477962E-10, -5.8200306725341469E-13,  6.5000000000000002E-01,  6.5000000000000002E-01,  3.1479291569831830E-10
  2.0420001000000028E-02,64,3,  1.6866727430950310E-01,  1.4107883236422791E-04,  1.4017269710135300E-04,  1.5994112850100939E-02,  3.1425848721483842E-10, -5.3442848347987608E-13,  8.4500000000000008E-01,  8.4500000000000008E-01,  3.1434132362977778E-10
  2.0420001000000028E-02,64,4,  1.6866357015776104E-01,  1.4107883236422791E-04,  1.4030010392453529E-04,  1.5975935267289715E-02,  3.1447221351351388E-10,  1.3088988373610768E-13,  6.7876086215713027E-01,  1.0000000000000000E+00,  3.1443016656011013E-10
  2.0420001000000028E-02,64,5,  1.6865933560958560E-01,  1.4107883236422791E-04,  1.4044581295781741E-04,  1.5955186870003253E-02,  3.1471648186687686E-10,  2.8631530676673368E-13,  2.0000000000000000E-02,  5.0000000000000000E-01,  3.1443589286624544E-10
  2.0520001000000027E-02,65,1,  1.6866026026381464E-01,  1.4044581295781741E-04,  1.4041318281059068E-04,  1.5959275017429386E-02,  3.1465086237947850E-10,  2.1496951323306212E-13,  2.0000000000000000E-02,  5.0000000000000000E-01,  3.1444019225651011E-10
  2.0520001000000027E-02,65,2,  1.6866030047654246E-01,  1.4044581295781741E-04,  1.4041179893778345E-04,  1.5959471959048496E-02,  3.1464854298660400E-10,  2.0835073009389012E-13,  6.4957412476866383E-01,  6.5000000000000002E-01,  3.1457553149965576E-10
  2.0520001000000027E-02,65,3,  1.6865827768382671E-01,  1.4044581295781741E-04,  1.4048141793423575E-04,  1.5949569157205502E-02,  3.1476520642282281E-10,  1.8967492316704567E-13,  8.4500000000000008E-01,  8.4500000000000008E-01,  3.1473580680973192E-10
  2.0520001000000027E-02,65,4,  1.6865960314409675E-01,  1.4044581295781741E-04,  1.4043579759892121E-04,  1.5956057213083151E-02,  3.1468876294167029E-10, -4.7043868061631221E-14,  6.7707049889978199E-01,  1.0000000000000000E+00,  3.1470395479451324E-10
  2.0520001000000027E-02,65,5,  1.6866110406504672E-01,  1.4044581295781741E-04,  1.4038414558887558E-04,  1.5963408174686000E-02,  3.1460219230284773E-10, -1.0176249166550707E-13,  2.0000000000000000E-02,  5.0000000000000000E-01,  3.1470191954467991E-10
  2.0620001000000027E-02,66,1,  1.6866077163298393E-01,  1.4038414558887558E-04,  1.4039550637216740E-04,  1.5961736850977008E-02,  3.1462017031638969E-10, -8.1749228290226085E-14,  2.0000000000000000E-02,  5.0000000000000000E-01,  3.1470028456011413E-10
  2.0620001000000027E-02,66,2,  1.6866076054398985E-01,  1.4038414558887558E-04,  1.4039588796788778E-04,  1.5961682532505399E-02,  3.1462080992556490E-10, -7.9474634549229171E-14,  6.5000000000000002E-01,  6.5000000000000002E-01,  3.1464862604765715E-10
  2.0620001000000027E-02,66,3,  1.6865934751549594E-01,  1.4038414558887558E-04,  1.4044451678335148E-04,  1.5954762850190755E-02,  3.1470230920899206E-10,  5.3683161334911702E-14,  3.8794959103968996E-01,  8.4500000000000008E-01,  3.1466945240814273E-10
  2.0720001000000026E-02,67,1,  1.6865887968987006E-01,  1.4044451678335148E-04,  1.4046069538292466E-04,  1.5952514630019697E-02,  3.1473046246795818E-10,  6.1010059815445498E-14,  3.8794959103968996E-01,  5.0000000000000000E-01,  3.1469312123589745E-10
  2.0720001000000026E-02,67,2,  1.6865908746534544E-01,  1.4044451678335148E-04,  1.4045354409697794E-04,  1.5953531696680220E-02,  3.1471847936781866E-10,  2.5358131921214392E-14,  6.5000000000000002E-01,  6.5000000000000002E-01,  3.1470960402164623E-10
