probe_version,workload_id,outer_iteration,preconditioner_application,solver_reported_iteration,initial_residual,current_residual,solver_reported_residual,schur_solve_count,k_actions_total,k_actions_primal_block_solve,k_actions_matrix_free_schur,k_actions_full_upper_correction,k_actions_setup_rebuild,elapsed_wall_seconds_cumulative,elapsed_wall_seconds_per_call,k_apply_seconds_cumulative,schur_action_seconds_cumulative,reached_tolerance,hit_maxiter,breakdown,nonfinite
phase20-v2,case_p20_hypre_block_full_cpu_probe,,1,,,,,1,35,1,32,1,1, 1.0938000000000001E+001, 1.1064000000000000E+001, 1.0938000000000001E+001, 1.0262000000000000E+001,missing,missing,missing,missing
phase20-v2,case_p20_hypre_block_full_cpu_probe,,2,,,,,1,34,1,32,1,0, 1.1922000000000001E+001, 1.1020000000000003E+000, 1.1922000000000001E+001, 1.1190000000000001E+001,missing,missing,missing,missing
phase20-v2,case_p20_hypre_block_full_cpu_probe,,3,,,,,1,34,1,32,1,0, 1.2859999999999994E+001, 1.0419999999999998E+000, 1.2859999999999994E+001, 1.2067999999999996E+001,missing,missing,missing,missing
phase20-v2,case_p20_hypre_block_full_cpu_probe,,4,,,,,1,34,1,32,1,0, 1.3792999999999997E+001, 1.0369999999999990E+000, 1.3792999999999997E+001, 1.2949000000000002E+001,missing,missing,missing,missing
phase20-v2,case_p20_hypre_block_full_cpu_probe,,5,,,,,1,34,1,32,1,0, 1.4756999999999993E+001, 1.0729999999999986E+000, 1.4756999999999993E+001, 1.3848999999999997E+001,missing,missing,missing,missing
phase20-v2,case_p20_hypre_block_full_cpu_probe,,6,,,,,1,34,1,32,1,0, 1.5894999999999994E+001, 1.2699999999999978E+000, 1.5894999999999994E+001, 1.4922999999999996E+001,missing,missing,missing,missing
phase20-v2,case_p20_hypre_block_full_cpu_probe,,7,,,,,1,34,1,32,1,0, 1.7014999999999993E+001, 1.2409999999999997E+000, 1.7014999999999993E+001, 1.5969999999999997E+001,missing,missing,missing,missing
phase20-v2,case_p20_hypre_block_full_cpu_probe,,8,,,,,1,34,1,32,1,0, 1.8136999999999997E+001, 1.2429999999999986E+000, 1.8136999999999997E+001, 1.7026000000000000E+001,missing,missing,missing,missing
phase20-v2,case_p20_hypre_block_full_cpu_probe,,9,,,,,1,34,1,32,1,0, 1.9232000000000003E+001, 1.2189999999999976E+000, 1.9232000000000003E+001, 1.8051000000000005E+001,missing,missing,missing,missing
phase20-v2,case_p20_hypre_block_full_cpu_probe,,10,,,,,1,34,1,32,1,0, 2.0295999999999989E+001, 1.1990000000000016E+000, 2.0295999999999989E+001, 1.9056999999999992E+001,missing,missing,missing,missing
phase20-v2,case_p20_hypre_block_full_cpu_probe,,11,,,,,1,34,1,32,1,0, 2.1201000000000008E+001, 1.0260000000000034E+000, 2.1201000000000008E+001, 1.9912000000000006E+001,missing,missing,missing,missing
phase20-v2,case_p20_hypre_block_full_cpu_probe,,12,,,,,1,34,1,32,1,0, 2.2124000000000020E+001, 1.0310000000000024E+000, 2.2124000000000020E+001, 2.0782000000000018E+001,missing,missing,missing,missing
phase20-v2,case_p20_hypre_block_full_cpu_probe,,13,,,,,1,34,1,32,1,0, 2.3032000000000014E+001, 1.0219999999999985E+000, 2.3032000000000014E+001, 2.1641000000000009E+001,missing,missing,missing,missing
phase20-v2,case_p20_hypre_block_full_cpu_probe,,14,,,,,1,34,1,32,1,0, 2.3994000000000010E+001, 1.0579999999999998E+000, 2.3994000000000010E+001, 2.2545000000000009E+001,missing,missing,missing,missing
phase20-v2,case_p20_hypre_block_full_cpu_probe,,15,,,,,1,34,1,32,1,0, 2.4931000000000004E+001, 1.0450000000000017E+000, 2.4931000000000004E+001, 2.3425000000000004E+001,missing,missing,missing,missing
phase20-v2,case_p20_hypre_block_full_cpu_probe,,16,,,,,1,34,1,32,1,0, 2.5947000000000017E+001, 1.1260000000000012E+000, 2.5947000000000017E+001, 2.4379000000000016E+001,missing,missing,missing,missing
phase20-v2,case_p20_hypre_block_full_cpu_probe,,17,,,,,1,34,1,32,1,0, 2.7078000000000021E+001, 1.2549999999999990E+000, 2.7078000000000021E+001, 2.5430000000000017E+001,missing,missing,missing,missing
phase20-v2,case_p20_hypre_block_full_cpu_probe,,18,,,,,1,34,1,32,1,0, 2.8171000000000028E+001, 1.1999999999999993E+000, 2.8171000000000028E+001, 2.6466000000000022E+001,missing,missing,missing,missing
phase20-v2,case_p20_hypre_block_full_cpu_probe,,19,,,,,1,34,1,32,1,0, 2.9129000000000030E+001, 1.0640000000000001E+000, 2.9129000000000030E+001, 2.7365000000000027E+001,missing,missing,missing,missing
phase20-v2,case_p20_hypre_block_full_cpu_probe,,20,,,,,1,34,1,32,1,0, 3.0244000000000035E+001, 1.2340000000000018E+000, 3.0244000000000035E+001, 2.8415000000000031E+001,missing,missing,missing,missing
phase20-v2,case_p20_hypre_block_full_cpu_probe,,21,,,,,1,34,1,32,1,0, 3.1317000000000057E+001, 1.1890000000000001E+000, 3.1317000000000057E+001, 2.9425000000000050E+001,missing,missing,missing,missing
phase20-v2,case_p20_hypre_block_full_cpu_probe,,22,,,,,1,34,1,32,1,0, 3.2343000000000089E+001, 1.1360000000000028E+000, 3.2343000000000089E+001, 3.0384000000000082E+001,missing,missing,missing,missing
phase20-v2,case_p20_hypre_block_full_cpu_probe,,23,,,,,1,34,1,32,1,0, 3.3277000000000086E+001, 1.0330000000000013E+000, 3.3277000000000086E+001, 3.1267000000000078E+001,missing,missing,missing,missing
phase20-v2,case_p20_hypre_block_full_cpu_probe,,24,,,,,1,34,1,32,1,0, 3.4303000000000083E+001, 1.1440000000000055E+000, 3.4303000000000083E+001, 3.2236000000000068E+001,missing,missing,missing,missing
phase20-v2,case_p20_hypre_block_full_cpu_probe,,25,,,,,1,34,1,32,1,0, 3.5492000000000075E+001, 1.3060000000000045E+000, 3.5492000000000075E+001, 3.3364000000000061E+001,missing,missing,missing,missing
phase20-v2,case_p20_hypre_block_full_cpu_probe,,26,,,,,1,34,1,32,1,0, 3.6545000000000108E+001, 1.1629999999999967E+000, 3.6545000000000108E+001, 3.4361000000000097E+001,missing,missing,missing,missing
phase20-v2,case_p20_hypre_block_full_cpu_probe,,27,,,,,1,34,1,32,1,0, 3.7450000000000131E+001, 1.0050000000000026E+000, 3.7450000000000131E+001, 3.5213000000000115E+001,missing,missing,missing,missing
phase20-v2,case_p20_hypre_block_full_cpu_probe,,28,,,,,1,34,1,32,1,0, 3.8376000000000111E+001, 1.0309999999999988E+000, 3.8376000000000111E+001, 3.6077000000000098E+001,missing,missing,missing,missing
phase20-v2,case_p20_hypre_block_full_cpu_probe,,29,,,,,1,34,1,32,1,0, 3.9310000000000123E+001, 1.0379999999999967E+000, 3.9310000000000123E+001, 3.6956000000000110E+001,missing,missing,missing,missing
phase20-v2,case_p20_hypre_block_full_cpu_probe,,30,,,,,1,34,1,32,1,0, 4.0227000000000132E+001, 1.0210000000000008E+000, 4.0227000000000132E+001, 3.7815000000000119E+001,missing,missing,missing,missing
