time_ms,COMSOL_current_A,Elmer_current_A
0.0,3.760478714574215e-13,-3.37550271744966e-07
0.0014763402469664699,3.5296750707178085e-13,-3.37550271744966e-07
0.0014776947518752909,3.529463314200827e-13,-3.3704963313151823e-07
0.0025526804939329396,3.3459585300797266e-13,6.027588992494237e-08
0.002555389503750582,3.345496090214416e-13,6.031481903134103e-08
0.004705360987865879,3.037934540468788e-13,9.121041347109394e-08
0.004710779007501165,3.037159472274678e-13,9.120965975322719e-08
0.009010721975731759,2.6622930584790295e-13,9.061148107183947e-08
0.00902155801500233,2.6613483791632526e-13,9.062614537677793e-08
0.017621443951463523,2.1783534399005095e-13,1.0226428609030652e-07
0.017643116030004655,2.177136272098982e-13,1.0227830633123283e-07
0.03484288790292702,1.624420264517314e-13,1.1340529376246272e-07
0.03488623206000931,1.6230273966565355e-13,1.1339475301737714e-07
0.06928577580585402,1.0621127245061826e-13,1.0502922358749832e-07
0.06937246412001861,1.0606991956617839e-13,1.0503274534562776e-07
0.103728663708781,7.323409426290051e-14,1.0642848393351717e-07
0.10385869618002792,7.310981615412465e-14,1.0634552331001621e-07
0.1726144395146351,4.163299382596343e-14,6.247940831878899e-08
0.17283116030004653,4.1533777653955564e-14,6.244639513411041e-08
0.31038599112634313,1.918708385546275e-14,4.149259956310442e-08
0.3107760885400838,1.912370994555292e-14,4.1325029757162494e-08
0.5,8.989606858975294e-15,-3.9957780653850304e-08
0.5000000000000001,8.989606858975293e-15,-3.9957780653850344e-08
0.75,3.8587131983722835e-15,-2.5553108360016914e-08
1.0,6.837554088004336e-16,-2.4864290017157734e-08
1.5,-4.453094216910755e-15,-2.748226288668042e-08
2.0,-9.254859699800731e-15,-2.53211334611187e-08
2.5,-1.3844457908372947e-14,-1.9716401879551907e-08
3.0,-1.824494547649836e-14,-1.593836638583428e-08
3.5,-2.2524039723694633e-14,-1.3137448045310576e-08
4.0,-2.664601685012286e-14,-1.1136528495794785e-08
4.5,-3.060363739753176e-14,-9.805177696468536e-09
4.500000000000001,-3.0603637397531766e-14,-9.805177696468534e-09
5.0,-3.439905031497829e-14,-8.743293280675213e-09
5.000000000000001,-3.43990503149783e-14,-8.743293280675211e-09
5.5,-3.803741302725961e-14,-8.042688261824261e-09
5.500000000000002,-3.8037413027259625e-14,-8.042688261824258e-09
6.0,-4.152472265999118e-14,-7.49212268833237e-09
6.000000000000002,-4.152472265999119e-14,-7.492122688332369e-09
6.5,-4.486707851213771e-14,-7.083313752410299e-09
6.500000000000003,-4.486707851213773e-14,-7.083313752410296e-09
7.0,-4.807044779846372e-14,-7.136345375990645e-09
7.000000000000003,-4.807044779846374e-14,-7.136345375990645e-09
7.5,-5.114059343997475e-14,-6.86872901129376e-09
7.5000000000000036,-5.1140593439974767e-14,-6.868729011293758e-09
8.0,-5.408304756766799e-14,-7.034170677275861e-09
8.000000000000004,-5.408304756766801e-14,-7.0341706772758614e-09
8.5,-5.690311933111727e-14,-6.938931156497565e-09
8.500000000000004,-5.69031193311173e-14,-6.938931156497564e-09
9.0,-5.960589788955817e-14,-6.845033830276803e-09
9.000000000000005,-5.960589788955819e-14,-6.8450338302768025e-09
9.5,-6.219626114691522e-14,-6.804048525500037e-09
9.500000000000005,-6.219626114691525e-14,-6.804048525500036e-09
10.0,-6.467888528092266e-14,-6.966651635729926e-09
10.000000000000005,-6.467888528092268e-14,-6.966651635729928e-09
10.5,-6.705825096352255e-14,-7.0639294980903356e-09
10.500000000000005,-6.705825096352258e-14,-7.063929498090336e-09
11.0,-6.933865323409264e-14,-7.019358335628567e-09
11.000000000000007,-6.933865323409266e-14,-7.0193583356285665e-09
11.5,-7.152420756102582e-14,-7.268164141420666e-09
11.500000000000007,-7.152420756102585e-14,-7.268164141420669e-09
12.0,-7.361886019141403e-14,-7.221133715697116e-09
12.000000000000007,-7.361886019141405e-14,-7.2211337156971155e-09
12.5,-7.562639016275143e-14,-7.361488413287893e-09
12.500000000000007,-7.562639016275145e-14,-7.361488413287895e-09
13.0,-7.755042314662919e-14,-7.265824818566319e-09
13.000000000000009,-7.755042314662923e-14,-7.265824818566318e-09
13.5,-7.93944294370322e-14,-7.407061151525104e-09
13.500000000000009,-7.939442943703223e-14,-7.407061151525106e-09
14.0,-8.116174078511895e-14,-7.3923209093493866e-09
14.000000000000009,-8.116174078511897e-14,-7.3923209093493866e-09
14.5,-8.285554407294412e-14,-7.354974646683888e-09
14.500000000000009,-8.285554407294414e-14,-7.354974646683887e-09
15.0,-8.447889854528519e-14,-7.421910711203791e-09
15.00000000000001,-8.447889854528523e-14,-7.421910711203792e-09
15.5,-8.603473329501332e-14,-7.577669743340792e-09
15.50000000000001,-8.603473329501335e-14,-7.577669743340796e-09
16.0,-8.752585814217279e-14,-7.5500861161724e-09
16.00000000000001,-8.752585814217281e-14,-7.5500861161724e-09
16.5,-8.895496236343157e-14,-7.695085642501388e-09
16.50000000000001,-8.89549623634316e-14,-7.695085642501391e-09
17.0,-9.032462599467722e-14,-7.849067991074666e-09
17.00000000000001,-9.032462599467725e-14,-7.84906799107467e-09
17.5,-9.163732308679978e-14,-7.906636465964147e-09
17.50000000000001,-9.16373230867998e-14,-7.906636465964149e-09
18.0,-9.289542125570549e-14,-7.885008180267454e-09
18.000000000000014,-9.289542125570552e-14,-7.885008180267454e-09
18.5,-9.41011924819869e-14,-7.805896440755664e-09
18.500000000000014,-9.410119248198694e-14,-7.805896440755663e-09
19.0,-9.525681242270861e-14,-7.78746878194272e-09
19.000000000000014,-9.525681242270864e-14,-7.78746878194272e-09
19.5,-9.636436784941529e-14,-7.945896197497589e-09
19.500000000000014,-9.636436784941532e-14,-7.945896197497594e-09
20.0,-9.742585802456025e-14,-7.957165129736767e-09
20.000000000000014,-9.742585802456028e-14,-7.957165129736767e-09
20.004,-9.743416360612455e-14,-7.881758781497918e-09
20.004000000000016,-9.743416360612458e-14,-7.88175878149765e-09
20.008,-9.74424666730598e-14,-8.04114920981611e-09
20.008000000000013,-9.744246667305982e-14,-8.041149209816675e-09
20.012,-9.745076817827804e-14,-8.041504062465675e-09
20.01200000000001,-9.745076817827806e-14,-8.041504062465676e-09
20.016,-9.74590642042519e-14,-8.032918025771792e-09
20.01600000000001,-9.745906420425193e-14,-8.032918025771768e-09
20.017,-9.74611381114837e-14,-8.028102070574251e-09
20.01700000000001,-9.746113811148372e-14,-8.0281020705742e-09
20.0185,-9.746424815176822e-14,-8.022341491982423e-09
20.018500000000014,-9.746424815176824e-14,-8.022341491982369e-09
20.018875,-9.74650264956374e-14,-8.028978998905394e-09
20.018875000000012,-9.746502649563743e-14,-8.028978998905582e-09
20.0194375,-9.746619198650305e-14,-8.034329000000797e-09
20.019437500000013,-9.746619198650307e-14,-8.034329000000933e-09
20.019578125,-9.746648415993029e-14,-8.035687653641812e-09
20.01957812500001,-9.746648415993032e-14,-8.035687653641915e-09
20.0197890625,-9.74669212024613e-14,-8.039458952290463e-09
20.019789062500013,-9.746692120246132e-14,-8.039458952290718e-09
20.019841796875,-9.74670311049862e-14,-8.040147306368093e-09
20.01984179687501,-9.746703110498623e-14,-8.040147306368232e-09
20.0199208984375,-9.746719452940546e-14,-8.04180890731924e-09
20.019920898437512,-9.746719452940549e-14,-8.041808907319464e-09
20.019940673828124,-9.746723545168473e-14,-8.042277175321709e-09
20.019940673828135,-9.746723545168475e-14,-8.042277175321962e-09
20.019970336914064,-9.746729760272723e-14,-8.042891857075588e-09
20.019970336914074,-9.746729760272726e-14,-8.04289185707581e-09
20.01997775268555,-9.746731287579006e-14,-8.04304058248143e-09
20.019977752685563,-9.746731287579009e-14,-8.043040582481715e-09
20.019988876342772,-9.74673359309681e-14,-8.043253782327674e-09
20.019988876342786,-9.746733593096812e-14,-8.043253782327947e-09
20.01999165725708,-9.746734154256137e-14,-8.043307293559578e-09
20.019991657257094,-9.74673415425614e-14,-8.043307293559851e-09
20.019995828628538,-9.746735051581666e-14,-8.04338779180335e-09
20.01999582862855,-9.746735051581667e-14,-8.043387791803556e-09
20.019996871471402,-9.746735234223145e-14,-8.043407883018284e-09
20.019996871471413,-9.746735234223147e-14,-8.043407883018489e-09
20.0199984357357,-9.746735549213522e-14,-8.043437922899457e-09
20.01999843573571,-9.746735549213525e-14,-8.043437922899662e-09
20.01999882680178,-9.746735628622861e-14,-8.043445399274866e-09
20.019999413400885,-9.746735745089891e-14,-8.043456613837808e-09
20.019999560050664,-9.746735774206649e-14,-8.043459417478578e-09
20.019999560050675,-9.746735774206651e-14,-8.043459417478782e-09
20.019999780025334,-9.746735816558296e-14,-8.043463616145454e-09
20.019999835018996,-9.746735821852252e-14,-8.043464665812088e-09
20.019999917509498,-9.746735845675054e-14,-8.043466240312175e-09
20.019999938132123,-9.746735843028076e-14,-8.043466633937197e-09
20.01999996906606,-9.746735848322032e-14,-8.043467224374695e-09
20.019999976799543,-9.746735848322032e-14,-8.043467371984052e-09
20.01999998839977,-9.746735856262965e-14,-8.043467593398157e-09
20.019999991299827,-9.746735861556921e-14,-8.04346764875165e-09
20.01999999564991,-9.746735858909943e-14,-8.043467731781922e-09
20.019999996737436,-9.746735861556921e-14,-8.043467752539558e-09
20.019999998368718,-9.746735861556921e-14,-8.04346778367591e-09
20.019999998776537,-9.746735861556921e-14,-8.04346779145998e-09
20.01999999938827,-9.746735861556921e-14,-8.043467803136121e-09
20.019999999541202,-9.746735861556921e-14,-8.043467806055172e-09
20.019999999770604,-9.746735861556921e-14,-8.043467810433785e-09
20.019999999885304,-9.746735861556921e-14,-8.043467812623057e-09
20.02,-9.746735861556921e-14,-8.043467814812262e-09
20.020000000103227,-9.746735864203899e-14,-8.043467816782573e-09
20.02000000020645,-9.746735861556921e-14,-8.043467818752815e-09
20.02000000030968,-9.746735861556921e-14,-8.043467820723126e-09
20.020000000412907,-9.746735866850877e-14,-8.043467822693437e-09
20.02000000061936,-9.746735866850877e-14,-8.043467826633991e-09
20.020000001032265,-9.746735861556921e-14,-8.043467834515168e-09
20.02000000185808,-9.746735864203899e-14,-8.04346785027752e-09
20.020000002683894,-9.746735864203899e-14,-8.043467866039872e-09
20.020000004335525,-9.746735864203899e-14,-8.043467897564645e-09
20.02000000582199,-9.746735866850877e-14,-8.043467925936893e-09
20.020000007308457,-9.746735866850877e-14,-8.04346795430914e-09
20.020000008794927,-9.746735864203899e-14,-8.043467982681455e-09
20.020000011767856,-9.746735866850877e-14,-8.043468039425883e-09
20.020000014740788,-9.746735866850877e-14,-8.043468096170379e-09
20.02000001771372,-9.746735864203899e-14,-8.043468152914874e-09
20.020000023659584,-9.746735866850877e-14,-8.043468266403864e-09
20.020000029010863,-9.746735864203899e-14,-8.04346836854397e-09
20.02000003436214,-9.746735866850877e-14,-8.043468470684076e-09
20.02000003971342,-9.746735872144833e-14,-8.04346857282418e-09
20.020000045064698,-9.746735866850877e-14,-8.043468674964285e-09
20.020000050415977,-9.746735866850877e-14,-8.043468777104392e-09
20.020000055767255,-9.746735866850877e-14,-8.043468879244497e-09
20.020000061118534,-9.746735877438789e-14,-8.043468981384602e-09
20.020000066469812,-9.746735874791811e-14,-8.043469083524707e-09
20.020000077172366,-9.746735877438789e-14,-8.04346928780485e-09
20.02000008787492,-9.746735877438789e-14,-8.043469492084992e-09
20.020000098577473,-9.746735877438789e-14,-8.043469696365136e-09
20.020000109280026,-9.746735880085767e-14,-8.043469900645278e-09
20.02000011998258,-9.746735880085767e-14,-8.043470104925421e-09
20.020000130685133,-9.746735877438789e-14,-8.043470309205563e-09
20.020000141387687,-9.746735885379723e-14,-8.043470513485707e-09
20.02000015209024,-9.746735882732745e-14,-8.043470717765848e-09
20.020000162792794,-9.746735880085767e-14,-8.043470922045992e-09
20.020000173495347,-9.746735890673679e-14,-8.043471126326134e-09
20.020000194900454,-9.746735893320657e-14,-8.04347153488642e-09
20.020000214165055,-9.746735898614613e-14,-8.043471902590759e-09
20.020000233429656,-9.746735906555547e-14,-8.043472270295097e-09
20.020000252694256,-9.746735917143459e-14,-8.043472637999435e-09
20.020000271958857,-9.746735919790436e-14,-8.043473005703772e-09
20.020000291223457,-9.746735917143459e-14,-8.043473373408112e-09
20.020000310488058,-9.746735922437414e-14,-8.04347374111245e-09
20.02000032975266,-9.746735930378348e-14,-8.043474108816788e-09
20.02000034901726,-9.746735933025326e-14,-8.043474476521127e-09
20.02000036828186,-9.746735938319282e-14,-8.043474844225465e-09
20.02000038754646,-9.746735943613238e-14,-8.043475211929803e-09
20.02000040681106,-9.74673594096626e-14,-8.04347557963414e-09
20.02000044534026,-9.74673595420115e-14,-8.04347631504275e-09
20.020000480016535,-9.746735964789062e-14,-8.043476976910464e-09
20.020000514692814,-9.74673596743604e-14,-8.043477638778247e-09
20.020000549369094,-9.746735970083018e-14,-8.043478300646028e-09
20.020000583219574,-9.746735975250901e-14,-8.043478946751729e-09
20.020000584045373,-9.746735975376974e-14,-8.043478965205301e-09
20.020000618721653,-9.746735985964885e-14,-8.04347974009187e-09
20.020000653397933,-9.746735991258841e-14,-8.043480514978437e-09
20.020000688074212,-9.74673599390582e-14,-8.043481289865005e-09
20.020000722750492,-9.746736007140709e-14,-8.043482064751572e-09
20.02000075742677,-9.746736012434665e-14,-8.04348283963814e-09
20.020000792103048,-9.746736023022577e-14,-8.04348361452463e-09
20.020000826779327,-9.746736030963511e-14,-8.043484389411197e-09
20.020000861455607,-9.746736038904445e-14,-8.043485164297765e-09
20.020000896131886,-9.7467360441984e-14,-8.043485939184334e-09
20.020000930808166,-9.746736046845379e-14,-8.0434867140709e-09
20.020000948146304,-9.746736052139335e-14,-8.043487101514145e-09
20.020000982822584,-9.746736062727246e-14,-8.043487876400714e-09
20.020000991491653,-9.746736060080268e-14,-8.043488070122335e-09
20.020000995826187,-9.746736062727246e-14,-8.043488166983147e-09
20.020000997993453,-9.746736065374224e-14,-8.043488215413513e-09
20.02000099930472,-9.746736065374224e-14,-8.043488244715491e-09
20.02000100021992,-9.746736065374224e-14,-8.043488265166834e-09
20.0200010010112,-9.746736065374224e-14,-8.043488282848972e-09
20.02000100180248,-9.746736065374224e-14,-8.043488300531192e-09
20.020001002593762,-9.746736060080268e-14,-8.04348831821341e-09
20.02000100338504,-9.746736060080268e-14,-8.04348833589555e-09
20.0200010049676,-9.746736060080268e-14,-8.043488371259909e-09
20.02000100655016,-9.746736060080268e-14,-8.043488406624267e-09
20.020001008132724,-9.746736065374224e-14,-8.043488441988705e-09
20.020001011297847,-9.746736065374224e-14,-8.0434885127175e-09
20.02000101446297,-9.746736068021202e-14,-8.043488583446296e-09
20.02000102079322,-9.746736065374224e-14,-8.043488724903968e-09
20.02000102712347,-9.746736068021202e-14,-8.04348886636164e-09
20.020001033453717,-9.746736068021202e-14,-8.043489007819232e-09
20.020001039783967,-9.746736075962136e-14,-8.043489149276904e-09
20.020001046114213,-9.746736075962136e-14,-8.043489290734495e-09
20.020001052444464,-9.746736081256092e-14,-8.043489432192167e-09
20.020001058774714,-9.746736078609114e-14,-8.04348957364984e-09
20.020001071435207,-9.746736086550048e-14,-8.043489856565024e-09
20.02000108282965,-9.746736086550048e-14,-8.043490111188705e-09
20.020001094224096,-9.746736086550048e-14,-8.043490365812387e-09
20.02000110561854,-9.746736086550048e-14,-8.043490620436068e-09
20.020001117012985,-9.746736091844004e-14,-8.04349087505975e-09
20.02000112840743,-9.746736094490982e-14,-8.043491129683433e-09
20.020001139801874,-9.746736091844004e-14,-8.043491384307114e-09
20.020001162590766,-9.746736107725872e-14,-8.043491893554558e-09
20.02000118537966,-9.74673611037285e-14,-8.043492402802001e-09
20.02000120816855,-9.746736118313784e-14,-8.043492912049444e-09
20.020001230957444,-9.746736118313784e-14,-8.043493421296886e-09
20.020001253746337,-9.746736134195651e-14,-8.04349393054433e-09
20.02000127653523,-9.746736134195651e-14,-8.043494439791773e-09
20.020001299324118,-9.746736139489607e-14,-8.043494949039136e-09
20.02000132211301,-9.746736147430541e-14,-8.04349545828658e-09
20.020001344901903,-9.746736158018453e-14,-8.043495967534023e-09
20.020001367690796,-9.746736160665431e-14,-8.043496476781466e-09
20.02000139047969,-9.746736163312409e-14,-8.043496986028909e-09
20.020001436057473,-9.746736168606365e-14,-8.043498004523796e-09
20.02000147707748,-9.746736181841255e-14,-8.043498921169161e-09
20.020001518097487,-9.74673618713521e-14,-8.043499837814606e-09
20.020001559117492,-9.7467362003701e-14,-8.043500754459972e-09
20.0200016001375,-9.746736205664056e-14,-8.043501671105417e-09
20.02000160551614,-9.746736207052368e-14,-8.043501791298079e-09
20.020001641157506,-9.746736216251968e-14,-8.043502913842311e-09
20.020001682177515,-9.746736224192902e-14,-8.043504205789781e-09
20.02000172319752,-9.746736232133836e-14,-8.04350549773714e-09
20.02000176421753,-9.746736237427792e-14,-8.04350678968461e-09
20.020001805237534,-9.746736242721748e-14,-8.04350808163197e-09
20.020001846257543,-9.746736250662682e-14,-8.043509373579441e-09
20.020001887277548,-9.746736255956637e-14,-8.043510665526798e-09
20.020001928297557,-9.746736271838505e-14,-8.04351195747427e-09
20.020001969317562,-9.746736279779439e-14,-8.043513249421627e-09
20.020002051357572,-9.746736287720373e-14,-8.043515833316346e-09
20.02000212519358,-9.746736298308285e-14,-8.04351815882159e-09
20.020002199029594,-9.746736306249219e-14,-8.043520484326949e-09
20.020002272865604,-9.746736332718998e-14,-8.043522809832194e-09
20.020002346701613,-9.746736345953888e-14,-8.04352513533744e-09
20.020002420537622,-9.746736359188778e-14,-8.043527460842685e-09
20.020002494373635,-9.746736380364602e-14,-8.043529786348042e-09
20.020002568209645,-9.746736393599491e-14,-8.043532111853289e-09
20.020002606564812,-9.746736400474544e-14,-8.04353331987015e-09
20.020002642045654,-9.746736406834381e-14,-8.043534957539815e-09
20.020002715881663,-9.746736414775315e-14,-8.043538365547852e-09
20.020002789717676,-9.746736428010205e-14,-8.043541773556054e-09
20.020002863553685,-9.746736449186029e-14,-8.043545181564091e-09
20.020002937389695,-9.746736465067896e-14,-8.043548589572129e-09
20.020003011225704,-9.746736475655808e-14,-8.043551997580166e-09
20.020003085061717,-9.746736488890698e-14,-8.043555405588367e-09
20.020003158897726,-9.746736502125588e-14,-8.043558813596405e-09
20.020003306569745,-9.746736539183279e-14,-8.04356562961248e-09
20.020003439474564,-9.74673657624097e-14,-8.043571764027078e-09
20.020003572379384,-9.74673660271075e-14,-8.043577898441676e-09
20.020003705284203,-9.746736626533552e-14,-8.043584032856275e-09
20.020003736839737,-9.746736635960614e-14,-8.043585489347655e-09
20.020003838189023,-9.746736666238221e-14,-8.043592597397081e-09
20.020003971093843,-9.746736695354979e-14,-8.043601918568065e-09
20.020004103998662,-9.746736735059648e-14,-8.04361123973905e-09
20.02000423690348,-9.74673675888245e-14,-8.043620560909784e-09
20.020004369808298,-9.746736793293163e-14,-8.043629882080767e-09
20.020004502713117,-9.746736822409921e-14,-8.043639203251751e-09
20.020004635617937,-9.746736851526678e-14,-8.043648524422735e-09
20.020004768522757,-9.746736880643436e-14,-8.043657845593718e-09
20.020004768829885,-9.746736880704605e-14,-8.043657867133928e-09
20.020004901427576,-9.746736907113216e-14,-8.043670898779753e-09
20.020005034332396,-9.746736917701127e-14,-8.043683960610044e-09
20.020005167237212,-9.746736938876951e-14,-8.043697022439984e-09
20.02000530014203,-9.746736967993709e-14,-8.043710084270275e-09
20.02000556595167,-9.746737020933268e-14,-8.043736207930857e-09
20.02000580082004,-9.746737083302855e-14,-8.043759290696402e-09
20.020005805180343,-9.746737084460739e-14,-8.043759869346578e-09
20.020006044409016,-9.746737132106342e-14,-8.043791617079282e-09
20.020006283637684,-9.746737192986835e-14,-8.043823364811514e-09
20.020006522866357,-9.746737237985461e-14,-8.043855112544218e-09
20.02000676209503,-9.746737288278042e-14,-8.043886860276922e-09
20.02000689178106,-9.746737316976614e-14,-8.043904070744812e-09
20.0200070013237,-9.746737341217601e-14,-8.043923399896132e-09
20.02000724055237,-9.746737378275293e-14,-8.043965612563247e-09
20.020007479781043,-9.746737431214852e-14,-8.044007825230989e-09
20.020007719009715,-9.746737481507433e-14,-8.04405003789873e-09
20.020007953256645,-9.74673754112014e-14,-8.044091371521914e-09
20.020007958238388,-9.746737542387926e-14,-8.044092495600976e-09
20.020008197467057,-9.746737579445618e-14,-8.044146475089029e-09
20.02000843669573,-9.746737619150287e-14,-8.044200454577883e-09
20.0200086759244,-9.746737669442868e-14,-8.044254434066736e-09
20.020008915153074,-9.746737722382427e-14,-8.044308413555591e-09
20.02000901473224,-9.746737745520377e-14,-8.044330882569627e-09
20.020009154381746,-9.746737777968965e-14,-8.044370106408626e-09
20.020009393610415,-9.746737828261546e-14,-8.044437299390035e-09
20.020009632839088,-9.746737881201105e-14,-8.044504492372441e-09
20.020010111296436,-9.746737989727201e-14,-8.044638878338252e-09
20.020010341576725,-9.746738039271011e-14,-8.044703557957356e-09
20.020010541908047,-9.74673808237143e-14,-8.044775894165536e-09
20.02001097251966,-9.746738180309614e-14,-8.044931380642369e-09
20.02001140313127,-9.746738265012909e-14,-8.04508686711792e-09
20.02001165871884,-9.746738315288166e-14,-8.045179155410486e-09
20.020011833742885,-9.746738349716204e-14,-8.045258062252982e-09
20.020012264354495,-9.746738407949719e-14,-8.045452196736101e-09
20.02001269496611,-9.746738495299992e-14,-8.045646331220822e-09
20.020012975860954,-9.74673854882664e-14,-8.045772968251182e-09
20.02001312557772,-9.746738577356309e-14,-8.045855411849354e-09
20.020013556189333,-9.746738654118669e-14,-8.046092534063535e-09
20.020013986800947,-9.74673874411592e-14,-8.046329656277718e-09
20.02001429300307,-9.746738796818372e-14,-8.046498270691902e-09
20.020014417412558,-9.746738818231303e-14,-8.046580425962085e-09
20.02001484802417,-9.746738908228554e-14,-8.046864785409172e-09
20.020015278635782,-9.746738987637892e-14,-8.047149144853914e-09
20.020015610145183,-9.746739069149682e-14,-8.047368060988547e-09
20.020015709247396,-9.746739093517011e-14,-8.047445348330711e-09
20.020016139859006,-9.746739188808217e-14,-8.04778117157802e-09
20.02001657047062,-9.746739268217556e-14,-8.048116994828097e-09
20.020016927287298,-9.7467393515652e-14,-8.048395267249136e-09
20.02001700108223,-9.746739368802719e-14,-8.048462352355618e-09
20.020017431693844,-9.746739453506013e-14,-8.048853810479691e-09
20.02001786230546,-9.74673953556233e-14,-8.049245268603765e-09
20.020018244429412,-9.746739631868188e-14,-8.049592647822734e-09
20.02001829291707,-9.746739644088426e-14,-8.049643451247918e-09
20.020018723528683,-9.746739734085677e-14,-8.050094628856104e-09
20.020019154140293,-9.746739810848038e-14,-8.050545806460566e-09
20.020019561571527,-9.746739911027547e-14,-8.050972696594392e-09
20.020019584751907,-9.746739916727156e-14,-8.051000320014714e-09
20.020020015363517,-9.746740006724407e-14,-8.051513468002992e-09
20.02002087658674,-9.746740186718908e-14,-8.05253976398378e-09
20.020021317761007,-9.746740278622417e-14,-8.053065499196614e-09
20.020021651687642,-9.746740348184564e-14,-8.053535513676546e-09
20.020022426788543,-9.746740512297197e-14,-8.054626497766645e-09
20.020022898331543,-9.746740615357962e-14,-8.05529021253009e-09
20.020023201889444,-9.746740681703787e-14,-8.055779891197986e-09
20.020023976990345,-9.746740835228509e-14,-8.057030230510006e-09
20.02002447890208,-9.746740936356515e-14,-8.057839879902938e-09
20.020024752091246,-9.746740991400208e-14,-8.058340219956038e-09
20.020025527192143,-9.74674113169004e-14,-8.059759800499645e-09
20.02002605947261,-9.746741251661115e-14,-8.060734660672196e-09
20.020026302293044,-9.746741306390585e-14,-8.061235440497561e-09
20.020027077393944,-9.746741462562285e-14,-8.062833966978117e-09
20.020027640043146,-9.746741589378191e-14,-8.063994344481963e-09
20.020027852494845,-9.74674163726283e-14,-8.064484178710384e-09
20.020028627595746,-9.746741788140574e-14,-8.06627127174685e-09
20.020029220613683,-9.746741909650335e-14,-8.067638549509766e-09
20.020029402696643,-9.746741946959252e-14,-8.068104844678141e-09
20.020030177797544,-9.746742119012819e-14,-8.07008979595814e-09
20.020030801184213,-9.746742246745152e-14,-8.07168622316435e-09
20.020030952898445,-9.746742277831497e-14,-8.072115260303744e-09
20.020031727999346,-9.74674242870924e-14,-8.074307190936784e-09
20.02003238175475,-9.746742551501238e-14,-8.076155965069508e-09
20.020032503100246,-9.746742574293028e-14,-8.076532943980312e-09
20.020033278201144,-9.746742719876816e-14,-8.078940917071474e-09
20.020033962325286,-9.746742850709131e-14,-8.081066256535475e-09
20.020034053302044,-9.746742868107582e-14,-8.081375287258769e-09
20.020034828402945,-9.746743040161149e-14,-8.084008157408908e-09
20.020035542895815,-9.746743184121201e-14,-8.086435153621284e-09
20.020035603503846,-9.746743196332849e-14,-8.086659284627631e-09
20.020036378604747,-9.746743349857571e-14,-8.089525639848444e-09
20.020037123466352,-9.74674351774246e-14,-8.092280168902526e-09
20.020037153705648,-9.746743524558116e-14,-8.092400675553052e-09
20.020037928806545,-9.746743704552617e-14,-8.095489531009641e-09
20.020038703907446,-9.746743863371295e-14,-8.098578386480388e-09
20.020039479008346,-9.746744011602061e-14,-8.101667241951135e-09
20.020039494322155,-9.74674401489676e-14,-8.10172826902814e-09
20.02004081595087,-9.746744299239471e-14,-8.107695426297747e-09
20.02004102921015,-9.746744345121284e-14,-8.108718282528086e-09
20.020042137579587,-9.746744582741049e-14,-8.114034358714913e-09
20.02004242439177,-9.746744644229793e-14,-8.115492754919874e-09
20.020043459208306,-9.746744877860487e-14,-8.1207546391343e-09
20.020043819573395,-9.74674495922017e-14,-8.122693551229316e-09
20.020044780837026,-9.746745137946348e-14,-8.127865544125222e-09
20.02004521475502,-9.74674521862401e-14,-8.13033140036701e-09
20.02004610246574,-9.746745417358411e-14,-8.135376056411098e-09
20.020046609936642,-9.74674553096741e-14,-8.138416754740548e-09
20.020047424094457,-9.74674571014602e-14,-8.14329508038174e-09
20.020048005118266,-9.746745838016853e-14,-8.146959970247477e-09
20.020048745723173,-9.746745993982569e-14,-8.15163144046705e-09
20.02004940029989,-9.746746131831407e-14,-8.155971222558482e-09
20.02005006735189,-9.746746267245245e-14,-8.160393714603566e-09
20.02005079548151,-9.746746415058049e-14,-8.165460436292976e-09
20.020051388980605,-9.746746537792402e-14,-8.1695903256056e-09
20.020052190663133,-9.746746703578646e-14,-8.175437330721456e-09
20.02005271060932,-9.746746800251392e-14,-8.179229515171494e-09
20.020053585844757,-9.746746962982486e-14,-8.185911402441119e-09
20.020054032238036,-9.746747064611678e-14,-8.189319342121783e-09
20.02005498102638,-9.746747280619842e-14,-8.196891977294422e-09
20.020055353866752,-9.74674735347826e-14,-8.199867755962322e-09
20.020056376208004,-9.746747553258571e-14,-8.208388232206417e-09
20.020056675495475,-9.746747616286219e-14,-8.210882577206011e-09
20.020057771389627,-9.746747847073125e-14,-8.220409063371883e-09
20.02005799712419,-9.746747891613204e-14,-8.222371348864206e-09
20.02005916657125,-9.746748122358833e-14,-8.232963180730258e-09
20.020059318752907,-9.74674815671691e-14,-8.23434150948538e-09
20.02006056175287,-9.74674843734921e-14,-8.246059275504195e-09
20.020060640381622,-9.746748454355352e-14,-8.246800509083448e-09
20.020061956934494,-9.746748739104698e-14,-8.25970573586647e-09
20.020061962010338,-9.746748740077332e-14,-8.259755490734686e-09
20.020063283639054,-9.746748993327892e-14,-8.273213484893873e-09
20.020063352116118,-9.746749006449472e-14,-8.273937196040994e-09
20.02006460526777,-9.746749253710999e-14,-8.287181335993798e-09
20.02006474729774,-9.74674928173518e-14,-8.288721642531582e-09
20.020066142479365,-9.746749543785997e-14,-8.303852303681371e-09
20.020067248525205,-9.746749783006036e-14,-8.3158473045727e-09
20.02006753766099,-9.746749845541485e-14,-8.319222340292541e-09
20.02006893284261,-9.746750104945325e-14,-8.335508072006467e-09
20.020069627456902,-9.746750242000876e-14,-8.34361619345917e-09
20.020070328024232,-9.746750380231033e-14,-8.352310681439881e-09
20.02007200638859,-9.7467507416423e-14,-8.373140255013003e-09
20.02007311838748,-9.74675098109503e-14,-8.387777599114802e-09
20.02007438532028,-9.74675125217454e-14,-8.404454352649521e-09
20.0200756297144,-9.746751518431556e-14,-8.421788490550725e-09
20.02007676425197,-9.746751745637431e-14,-8.43759235082727e-09
20.02007814104132,-9.746752021357368e-14,-8.457844731307655e-09
20.02007914318366,-9.746752234724664e-14,-8.472586106225005e-09
20.020080652368243,-9.746752556046916e-14,-8.495982737194265e-09
20.020081522115355,-9.746752743975971e-14,-8.509466278209914e-09
20.020083163695162,-9.746753098677398e-14,-8.536237131818353e-09
20.020083901047048,-9.746753226912173e-14,-8.548261852954183e-09
20.020085675022084,-9.746753535428761e-14,-8.578641074048626e-09
20.020086279978738,-9.746753665506057e-14,-8.589000922163206e-09
20.020088186349003,-9.746754075412265e-14,-8.623226746529943e-09
20.020088658910428,-9.746754179014393e-14,-8.63171082993077e-09
20.020090697675926,-9.746754625983681e-14,-8.67002460878334e-09
20.020091037842118,-9.7467546969747e-14,-8.676417228371857e-09
20.020093209002845,-9.746755150085317e-14,-8.719063560362553e-09
20.020093416773808,-9.746755194979057e-14,-8.723144635227817e-09
20.020095720329767,-9.746755692715799e-14,-8.770370945546691e-09
20.020095795705505,-9.746755707334086e-14,-8.771916259851928e-09
20.020098174637194,-9.746756168701447e-14,-8.822753771488279e-09
20.020098231656686,-9.746756179759744e-14,-8.82402229749615e-09
20.020100553568884,-9.746756639858135e-14,-8.875678423182851e-09
20.020100742983608,-9.7467566773916e-14,-8.880060170060353e-09
20.020102932500574,-9.746757122794149e-14,-8.930710451786035e-09
20.020103254310527,-9.746757188258346e-14,-8.93844255097297e-09
20.020105311432264,-9.746757628410777e-14,-8.987868832435048e-09
20.02010576563745,-9.746757725594872e-14,-8.999191398287609e-09
20.02010769036396,-9.74675813336195e-14,-9.04717156974353e-09
20.02010827696437,-9.746758257637442e-14,-9.062327309867782e-09
20.02011006929565,-9.746758652468805e-14,-9.108634995292752e-09
20.02011078829129,-9.746758810855836e-14,-9.127869318759654e-09
20.02011244822734,-9.746759134531583e-14,-9.172275355662533e-09
20.02011329961821,-9.746759300546759e-14,-9.195399765617238e-09
20.020115810945132,-9.746759822001417e-14,-9.263609274791483e-09
20.020117206090724,-9.746760110955715e-14,-9.301502467909265e-09
20.020120833598973,-9.746760862263755e-14,-9.40725163360941e-09
20.020121488167767,-9.74676100024891e-14,-9.426333631246207e-09
20.020125353987428,-9.746761815175821e-14,-9.545626174843176e-09
20.020125770244814,-9.746761900486729e-14,-9.55847116160171e-09
20.020129874375886,-9.746762741618107e-14,-9.692177691535789e-09
20.02013005232186,-9.746762779963267e-14,-9.69797490861621e-09
20.020134334398904,-9.74676370269799e-14,-9.844893727225645e-09
20.02013439476434,-9.746763715705996e-14,-9.847069990009933e-09
20.020138616475947,-9.746764593295628e-14,-9.99926890211402e-09
20.020138915152796,-9.746764655383172e-14,-1.0010559041142625e-08
20.02014289855299,-9.746765464773449e-14,-1.0161133624396121e-08
20.020143435541254,-9.746765573884524e-14,-1.0182374578097157e-08
20.020147180630033,-9.746766345817065e-14,-1.0330514235441356e-08
20.02014795592971,-9.746766505620766e-14,-1.0362546070118697e-08
20.020151462707076,-9.746767212005339e-14,-1.0507430063376065e-08
20.020152476318163,-9.746767416181185e-14,-1.0551094476675113e-08
20.02015574478412,-9.746768103270164e-14,-1.0691893694703266e-08
20.02015699670662,-9.746768366446272e-14,-1.0748032828954068e-08
20.02016002686117,-9.746768987468854e-14,-1.0883912048936751e-08
20.020161517095076,-9.746769292888558e-14,-1.0953367277126775e-08
20.020164308938213,-9.746769861800206e-14,-1.108348651637607e-08
20.02016603748353,-9.746770214036888e-14,-1.1167096613586909e-08
20.020168591015256,-9.746770770272469e-14,-1.1290611475270329e-08
20.02017055787199,-9.74677119871269e-14,-1.138921199525216e-08
20.0201728730923,-9.746771677278422e-14,-1.1505276334211135e-08
20.020175078260444,-9.74677213309591e-14,-1.1619698621514815e-08
20.020177155169343,-9.74677255388853e-14,-1.1727465762715293e-08
20.020179598648898,-9.746773048950284e-14,-1.1854292064662737e-08
20.020184119037356,-9.746773914512077e-14,-1.2088918194524288e-08
20.020185719323432,-9.746774261228105e-14,-1.2171979403129835e-08
20.020193159814273,-9.746775873275767e-14,-1.2587553930995634e-08
20.020193427062118,-9.74677592726509e-14,-1.260248055337445e-08
20.020201134800796,-9.746777484379935e-14,-1.3057443456473495e-08
20.020201296513495,-9.74677751704908e-14,-1.3067496249637914e-08
20.020208842539482,-9.746779115139499e-14,-1.3536591374755562e-08
20.02020943321272,-9.746779240231733e-14,-1.3575140094695834e-08
20.02021655027816,-9.746780752107838e-14,-1.403961646614417e-08
20.020217569911942,-9.74678096870834e-14,-1.410927306253715e-08
20.020224258016842,-9.746782339418678e-14,-1.4566173012258094e-08
20.020225706611168,-9.746782636304456e-14,-1.4669488251135289e-08
20.020231965755524,-9.746783917064222e-14,-1.5115896871573326e-08
20.020233843310393,-9.746784301253592e-14,-1.5255352833690266e-08
20.020239673494203,-9.746785549241001e-14,-1.56883915192359e-08
20.020241980009615,-9.74678604296509e-14,-1.5866399727297564e-08
20.02024738123289,-9.746787132361356e-14,-1.6283245880154744e-08
20.02025011670884,-9.746787684091426e-14,-1.650214418376193e-08
20.020255088971567,-9.746788729024916e-14,-1.6900034676949277e-08
20.020258253408063,-9.746789394039188e-14,-1.716208080113023e-08
20.02026279671025,-9.746790325177584e-14,-1.75383104174785e-08
20.020266390107288,-9.746791061635303e-14,-1.784568451136379e-08
20.02027050444893,-9.746791892813254e-14,-1.8197619468842937e-08
20.020274526806514,-9.746792705408616e-14,-1.8552416328832183e-08
20.020278212187613,-9.746793475105087e-14,-1.8877489775135856e-08
20.020282663505736,-9.746794404768466e-14,-1.9259328296162105e-08
20.02029080020496,-9.746796120010185e-14,-1.9957302494468845e-08
20.020293627664973,-9.746796708229231e-14,-2.019984484245992e-08
20.02030707360341,-9.746799505494996e-14,-2.1441067264572757e-08
20.0203075015946,-9.746799594293628e-14,-2.1480576017896512e-08
20.020321375524226,-9.746802472824774e-14,-2.2825063241327295e-08
20.02032171966201,-9.746802544225694e-14,-2.2859911174805593e-08
20.02033524945385,-9.746805326903566e-14,-2.422995918071073e-08
20.020336365720613,-9.746805556486613e-14,-2.4347586763449243e-08
20.020349123383475,-9.746808189583155e-14,-2.569193660362278e-08
20.020351011779216,-9.746808579335443e-14,-2.5898256224114942e-08
20.0203629973131,-9.746811089894128e-14,-2.7207754413382038e-08
20.020365657837818,-9.746811647182899e-14,-2.750814607283439e-08
20.02037687124273,-9.746814012219784e-14,-2.8774217117588088e-08
20.02038030389642,-9.746814736206179e-14,-2.9173555301585354e-08
20.02039074517235,-9.74681685158788e-14,-3.0388242404437134e-08
20.02039494995502,-9.746817703468472e-14,-3.0890905911095844e-08
20.020404619101978,-9.74681970960094e-14,-3.2046810436619274e-08
20.02040959601362,-9.74682074219917e-14,-3.265671664131275e-08
20.0204184930316,-9.746822599387774e-14,-3.3747020600113616e-08
20.020424242072224,-9.746823799458714e-14,-3.4467631855272936e-08
20.020432366961227,-9.746825477850033e-14,-3.5486042898916995e-08
20.020438888130826,-9.746826824954523e-14,-3.624397826956069e-08
20.02045353418943,-9.74682981339264e-14,-3.794624435645622e-08
20.02046011482048,-9.74683119478266e-14,-3.8711090747810175e-08
20.020482826306633,-9.746835962322441e-14,-4.150101369052261e-08
20.020487862679733,-9.746836994514486e-14,-4.211969151568843e-08
20.020512118423838,-9.746841965668455e-14,-4.523412463777902e-08
20.020515610538986,-9.746842691782331e-14,-4.568251158631369e-08
20.020541410541043,-9.746848056364741e-14,-4.91146201895415e-08
20.02054335839824,-9.746848460501692e-14,-4.937373867437982e-08
20.020570702658244,-9.746854133826138e-14,-5.311529317417827e-08
20.020571106257492,-9.746854217563985e-14,-5.317051824090609e-08
20.02059885411675,-9.746859974626279e-14,-5.7053815453479966e-08
20.02059999477545,-9.746860211287534e-14,-5.7216303175403174e-08
20.020626601976005,-9.746865719666794e-14,-6.100651965770961e-08
20.020629286892653,-9.746866275514041e-14,-6.139424760980337e-08
20.020654349835258,-9.746871475515976e-14,-6.501357911360283e-08
20.020658579009858,-9.746872352975438e-14,-6.563059123410817e-08
20.02068209769451,-9.746877211325644e-14,-6.906183133703614e-08
20.020687871127063,-9.746878403967054e-14,-6.991032635281278e-08
20.020709845553764,-9.74688298501366e-14,-7.313980749146828e-08
20.020717163244264,-9.746884510545209e-14,-7.405314928533539e-08
20.02074645536147,-9.746890574771715e-14,-7.770918186484011e-08
20.020765341272266,-9.746894496590483e-14,-8.006638618326587e-08
20.020805039595878,-9.74690274028242e-14,-8.531469511616437e-08
20.020820836990772,-9.746906013607148e-14,-8.74031865485069e-08
20.020863623830284,-9.746914879323346e-14,-9.324645083752986e-08
20.02087633270928,-9.746917508667622e-14,-9.498206252631439e-08
20.020922208064693,-9.746926999835425e-14,-1.0135075728001674e-07
20.02093182842778,-9.746929001062384e-14,-1.0268631436442322e-07
20.020980792299103,-9.746939186521954e-14,-1.0952248353717285e-07
20.020987324146283,-9.74694053494678e-14,-1.1043443782368461e-07
20.02103937653351,-9.746951280564254e-14,-1.1768973913696976e-07
20.021042819864785,-9.746951996223367e-14,-1.1816968649899762e-07
20.021097960767918,-9.746963456662871e-14,-1.2580473097514526e-07
20.021098315583295,-9.746963530038681e-14,-1.2585386022459402e-07
20.021153811301797,-9.746975006551797e-14,-1.311583149417523e-07
20.021156545002327,-9.746975571880994e-14,-1.3138264718988684e-07
20.021215129236733,-9.746987777096369e-14,-1.36190171959169e-07
20.021264802738806,-9.746998064163683e-14,-1.4026646644372696e-07
20.02133229770555,-9.74701204194333e-14,-1.4528282532614878e-07
20.02137579417582,-9.747021052734439e-14,-1.4851556867778314e-07
20.021449466174367,-9.747036314731224e-14,-1.5583113647388656e-07
20.02148678561283,-9.747044043350298e-14,-1.5953692547880562e-07
20.021566634643182,-9.747060579578185e-14,-1.6837189746879818e-07
20.021597777049845,-9.747067043747581e-14,-1.718176787055426e-07
20.021683803111998,-9.747084900011683e-14,-1.8171172617172075e-07
20.021708768486853,-9.747090085974465e-14,-1.8458304909001644e-07
20.021800971580813,-9.747109238974027e-14,-1.9526801218898114e-07
20.021819759923865,-9.747113137136416e-14,-1.9744530086314395e-07
20.02191814004963,-9.747133548819613e-14,-2.0876751731467163e-07
20.021930751360877,-9.747136158690326e-14,-2.1021890797453787e-07
20.022152476987262,-9.747182044102821e-14,-2.351303255935706e-07
20.022152734234897,-9.747182097475971e-14,-2.35159227995901e-07
20.022374717108917,-9.747228153974317e-14,-2.5925980808900887e-07
20.022386813924896,-9.747230663793994e-14,-2.605341931470002e-07
20.022596699982937,-9.74727413697816e-14,-2.826454376851997e-07
20.022621150862527,-9.74727920142885e-14,-2.85159429433322e-07
20.022818682856958,-9.74732016037101e-14,-3.054692838159404e-07
20.02285548780016,-9.747327792003264e-14,-3.09182049900475e-07
20.023040665730978,-9.747366170462338e-14,-3.278622129791807e-07
20.02308982473779,-9.747376358754878e-14,-3.308375586640292e-07
20.02348463147901,-9.747458051739205e-14,-3.5473321095597e-07
20.023544912368894,-9.74747052499581e-14,-3.6272057390538015e-07
20.023742315739533,-9.747510872029819e-14,-3.8887699548072283e-07
20.024,-9.747563539801331e-14,-4.167525395968755e-07
20.024000000000058,-9.747563539801342e-14,-4.1675253960302464e-07
20.024455087631104,-9.747650723314405e-14,-4.438567957456279e-07
20.024515368521104,-9.747632573016744e-14,-4.4744702446558485e-07
20.024773052781626,-9.747554985475635e-14,-4.85460895876497e-07
20.025288421302673,-9.747399810393417e-14,-5.19885787773547e-07
20.02536526289331,-9.747376673745255e-14,-5.313184690663944e-07
20.025546105563198,-9.737766000602122e-14,-5.582246873244139e-07
20.026061474084244,-9.71037734057455e-14,-5.926130019994998e-07
20.026682631446654,-9.677366655738542e-14,-6.246588027926535e-07
20.027030737042153,-9.586581371067438e-14,-6.426177343668853e-07
20.028,-9.333799414423107e-14,-7.28044826978963e-07
20.028000000000056,-9.333799414379039e-14,-7.28044826983973e-07
20.02896926295796,-8.58237869043466e-14,-8.166500764402698e-07
20.029317368553347,-8.312509965585315e-14,-8.483286049977085e-07
20.029938525915867,-7.309884569244174e-14,-9.048555655180124e-07
20.030503000251354,-6.398752642793164e-14,-9.557855023624786e-07
20.030907788873773,-5.457052851223467e-14,-9.923077278722436e-07
20.031251500125677,-4.657443385066292e-14,-1.0199342520965278e-06
20.032,-2.2224560743160153e-14,-1.080096524338945e-06
20.032000000000057,-2.222456074064578e-14,-1.080096524343514e-06
20.032748499874327,1.0884085328076134e-14,-1.1459896435409925e-06
20.03309221112634,3.2243620958660364e-14,-1.1762477735381542e-06
20.034184422252626,1.0011780992178343e-13,-1.272102202895585e-06
20.03424549962297,1.0391339199955642e-13,-1.2783489059608798e-06
20.035092211126344,1.7719792531703788e-13,-1.3649465330983833e-06
20.035122749811485,1.798411081246536e-13,-1.3676400610392843e-06
20.036,2.768880073143814e-13,-1.4450139847355546e-06
20.036000000000058,2.7688800732338166e-13,-1.4450139847405682e-06
20.037754500377034,5.546840779145234e-13,-1.5247929328215974e-06
20.037815577747487,5.678686837487533e-13,-1.5275701840723212e-06
20.038877250188516,7.970490259287865e-13,-1.666150839167533e-06
20.03890778887377,8.052730561303071e-13,-1.670137069613827e-06
20.04,1.0994041627398431e-12,-1.766806923427687e-06
20.040000000000056,1.0994041627601161e-12,-1.7668069234327182e-06
20.041999999999998,1.812699124909551e-12,-1.8613880316456354e-06
20.04200000000005,1.8126991249332157e-12,-1.8613880316481555e-06
20.043,2.2567671149166888e-12,-2.010643859758048e-06
20.043000000000053,2.256767114943748e-12,-2.010643859766002e-06
20.044,2.7645304724564237e-12,-2.098570555094377e-06
20.044000000000054,2.7645304724870257e-12,-2.0985705550990628e-06
20.044999999999998,3.3387740900816116e-12,-2.1779459707092237e-06
20.04500000000005,3.338774090115854e-12,-2.1779459707134538e-06
20.046,3.981332422992082e-12,-2.2552331389360258e-06
20.046000000000053,3.981332423030022e-12,-2.2552331389401445e-06
20.047,4.693286582934142e-12,-2.331444108402945e-06
20.047000000000054,4.693286582975803e-12,-2.3314441084070067e-06
20.048,5.47506275257644e-12,-2.4067531644036895e-06
20.04800000000005,5.4750627526218134e-12,-2.4067531644077027e-06
20.048999999999996,6.326502664103948e-12,-2.4811953466257256e-06
20.04900000000005,6.326502664153885e-12,-2.4811953466296927e-06
20.0505,7.732094686970722e-12,-2.557609408896642e-06
20.050500000000053,7.732094687026001e-12,-2.557609408899357e-06
20.052,9.288049655952706e-12,-2.6643256143527634e-06
20.052000000000056,9.288049656017144e-12,-2.6643256143568076e-06
20.053500000000003,1.0988467725580247e-11,-2.771465083886059e-06
20.05350000000006,1.0988467725649491e-11,-2.771465083890119e-06
20.054750000000002,1.251114921932053e-11,-2.8751433964603998e-06
20.05475000000006,1.2511149219393899e-11,-2.8751433964651144e-06
20.056,1.4124530321547092e-11,-2.9634993643395373e-06
20.056000000000058,1.4124530321625359e-11,-2.963499364343555e-06
20.058,1.687828619406309e-11,-3.051800504350489e-06
20.058000000000057,1.6878286194146902e-11,-3.0518005043529987e-06
20.06,1.9827251514155636e-11,-3.1832434264452548e-06
20.060000000000052,1.9827251514240448e-11,-3.1832434264487573e-06
20.064,2.6193144416538373e-11,-3.3177191234113925e-06
20.064000000000053,2.6193144416629986e-11,-3.317719123413184e-06
20.068,3.306960331265988e-11,-3.568787751086807e-06
20.068000000000055,3.3069603312756265e-11,-3.568787751090152e-06
20.072,4.0304444889215913e-11,-3.8104378118476056e-06
20.072000000000052,4.0304444889315246e-11,-3.810437811850825e-06
20.076,4.776023010510719e-11,-4.038856981980588e-06
20.076000000000054,4.776023010520804e-11,-4.0388569819836315e-06
20.078,5.1544861763346146e-11,-4.248789989103892e-06
20.07800000000005,5.1544861763440574e-11,-4.248789989109113e-06
20.08,5.534183369411295e-11,-4.360665939613053e-06
20.080000000000048,5.5341833694207366e-11,-4.360665939615835e-06
20.081999999999994,5.913844603257976e-11,-4.462025967383245e-06
20.082000000000043,5.91384460326739e-11,-4.4620259673857656e-06
20.084,6.29242231840041e-11,-4.559523093766567e-06
20.08400000000005,6.29242231840973e-11,-4.559523093768992e-06
20.088,7.041964409781377e-11,-4.657142248140525e-06
20.08800000000005,7.041964409790589e-11,-4.657142248141739e-06
20.09,7.412362959916687e-11,-4.8334072693820036e-06
20.09000000000005,7.412362959925802e-11,-4.833407269386387e-06
20.092,7.778863297298545e-11,-4.928534117568164e-06
20.09200000000005,7.778863297307481e-11,-4.9285341175705295e-06
20.096,8.497493241797322e-11,-5.017283855289982e-06
20.096000000000046,8.497493241805378e-11,-5.017283855291007e-06
20.1,9.195225319814223e-11,-5.180884424061151e-06
20.100000000000048,9.195225319822014e-11,-5.18088442406304e-06
20.104,9.869982385015818e-11,-5.337255199782737e-06
20.104000000000045,9.869982385023327e-11,-5.337255199784543e-06
20.108,1.0520313455434199e-10,-5.48446534715935e-06
20.108000000000047,1.0520313455441416e-10,-5.48446534716105e-06
20.112,1.1145328724167943e-10,-5.623501252266071e-06
20.112000000000045,1.1145328724174863e-10,-5.623501252267676e-06
20.116,1.1744600589855568e-10,-5.754902865315953e-06
20.116000000000042,1.174460058986168e-10,-5.754902865317353e-06
20.12,1.2318066908879342e-10,-5.879086613578079e-06
20.120000000000044,1.231806690888518e-10,-5.8790866135794025e-06
20.124,1.2865947250448634e-10,-5.9964242510044426e-06
20.12400000000004,1.2865947250454205e-10,-5.996424251005693e-06
20.128,1.3388673880262731e-10,-6.1072810056513094e-06
20.128000000000043,1.338867388026804e-10,-6.107281005652491e-06
20.132,1.388683620374423e-10,-6.211982986383377e-06
20.13200000000004,1.3886836203748866e-10,-6.2119829863844e-06
20.136,1.436113662448401e-10,-6.310865633924344e-06
20.13600000000004,1.4361136624488417e-10,-6.310865633925311e-06
20.14,1.4812355772405829e-10,-6.40423080604009e-06
20.14000000000004,1.481235577241002e-10,-6.404230806041002e-06
20.144,1.5241325302039096e-10,-6.492367374467094e-06
20.144000000000037,1.5241325302043077e-10,-6.4923673744679555e-06
20.148,1.5648906750571207e-10,-6.575562237198134e-06
20.14800000000004,1.564890675057499e-10,-6.575562237198947e-06
20.152,1.603597522606821e-10,-6.654068355355354e-06
20.152000000000037,1.6035975226071473e-10,-6.654068355356051e-06
20.156,1.6403406927219897e-10,-6.728137574833822e-06
20.156000000000034,1.6403406927222994e-10,-6.72813757483448e-06
20.16,1.675206969597635e-10,-6.798009026207002e-06
20.160000000000036,1.6752069695979286e-10,-6.7980090262076225e-06
20.164,1.708281596445547e-10,-6.863910435546888e-06
20.164000000000037,1.7082815964458256e-10,-6.863910435547473e-06
20.168,1.7396477585479724e-10,-6.926051633523193e-06
20.168000000000035,1.7396477585482365e-10,-6.926051633523745e-06
20.172,1.769386214238182e-10,-6.984638272680442e-06
20.172000000000033,1.7693862142384074e-10,-6.98463827268091e-06
20.176,1.797575041534387e-10,-7.039860398767875e-06
20.17600000000003,1.7975750415346006e-10,-7.039860398768316e-06
20.18,1.8242894747388785e-10,-7.091900188326137e-06
20.18000000000003,1.824289474739081e-10,-7.091900188326553e-06
20.184,1.8496018108477678e-10,-7.140931468813218e-06
20.184000000000033,1.8496018108479596e-10,-7.14093146881361e-06
20.188,1.8735813696912054e-10,-7.187116315265276e-06
20.188000000000027,1.8735813696913667e-10,-7.1871163152656035e-06
20.192,1.8962944949789364e-10,-7.230607193426709e-06
20.19200000000003,1.8962944949790892e-10,-7.230607193427018e-06
20.196,1.9178045863581158e-10,-7.27154940482445e-06
20.19600000000003,1.9178045863582605e-10,-7.2715494048247406e-06
20.2,1.9381721544897726e-10,-7.310083218778501e-06
20.200000000000028,1.9381721544899096e-10,-7.310083218778774e-06
20.204,1.9574548930254348e-10,-7.346345467222206e-06
20.20400000000003,1.9574548930255645e-10,-7.346345467222463e-06
20.208,1.9757077624289802e-10,-7.380456282873984e-06
20.208000000000023,1.9757077624290878e-10,-7.380456282874196e-06
20.212,1.992983082101793e-10,-7.412534049367643e-06
20.212000000000025,1.9929830821018947e-10,-7.412534049367842e-06
20.216,2.0093306275768826e-10,-7.442693274200854e-06
20.216000000000026,2.0093306275769788e-10,-7.4426932742010414e-06
20.22,2.0247977307024992e-10,-7.471036695860906e-06
20.220000000000024,2.0247977307025901e-10,-7.471036695861082e-06
20.224,2.0394293809192168e-10,-7.497659359158005e-06
20.22400000000002,2.0394293809192905e-10,-7.497659359158147e-06
20.228,2.0532683263887851e-10,-7.522658732393437e-06
20.228000000000023,2.053268326388855e-10,-7.52265873239357e-06
20.232,2.0663551738521665e-10,-7.546123677164235e-06
20.23200000000002,2.0663551738522325e-10,-7.546123677164361e-06
20.236,2.0787284865359574e-10,-7.5681468685211664e-06
20.236000000000022,2.0787284865360197e-10,-7.568146868521284e-06
20.24,2.0904248796241185e-10,-7.58879656235104e-06
20.24000000000002,2.0904248796241774e-10,-7.58879656235115e-06
20.244,2.101479112675622e-10,-7.608153228380974e-06
20.244000000000018,2.1014791126756683e-10,-7.608153228381059e-06
20.248,2.1119241790451907e-10,-7.626284709256874e-06
20.24800000000002,2.1119241790452346e-10,-7.626284709256955e-06
20.252,2.1217913918762e-10,-7.643265162615795e-06
20.252000000000017,2.1217913918762414e-10,-7.643265162615872e-06
20.256,2.1311104667165664e-10,-7.659152032733366e-06
20.256000000000018,2.1311104667166055e-10,-7.659152032733437e-06
20.26,2.1399096006485648e-10,-7.674010843765186e-06
20.26000000000002,2.1399096006486018e-10,-7.674010843765252e-06
20.264,2.14821554805222e-10,-7.687893267067534e-06
20.264000000000014,2.148215548052248e-10,-7.687893267067583e-06
20.268,2.156053692937686e-10,-7.700855590644373e-06
20.268000000000015,2.1560536929377123e-10,-7.700855590644419e-06
20.272,2.1634481179172844e-10,-7.71295409027004e-06
20.272000000000013,2.1634481179173093e-10,-7.712954090270083e-06
20.276,2.1704216700244662e-10,-7.724228894353323e-06
20.276000000000014,2.1704216700244894e-10,-7.724228894353364e-06
20.28,2.1769960233984834e-10,-7.734729126856618e-06
20.280000000000012,2.1769960233985e-10,-7.734729126856647e-06
20.284,2.183191738825777e-10,-7.744669042807604e-06
20.28400000000001,2.1831917388257926e-10,-7.744669042807631e-06
20.288,2.1890283205372416e-10,-7.74480317761823e-06
20.28800000000001,2.1890283205372563e-10,-7.74480317761823e-06
20.292,2.1945242701067842e-10,-7.753741687157405e-06
20.292000000000012,2.194524270106798e-10,-7.753741687157429e-06
20.296,2.1996971377018477e-10,-7.762495490435494e-06
20.29600000000001,2.1996971377018606e-10,-7.762495490435517e-06
20.3,2.2045635707840986e-10,-7.770752659547995e-06
20.300000000000008,2.2045635707841066e-10,-7.77075265954801e-06
20.304,2.2091393603484272e-10,-7.778449311513741e-06
20.304000000000006,2.209139360348435e-10,-7.778449311513755e-06
20.308,2.2134394848720453e-10,-7.78557197016006e-06
20.308000000000007,2.2134394848720526e-10,-7.785571970160072e-06
20.312,2.2174781519530383e-10,-7.79212476505446e-06
20.31200000000001,2.217478151953045e-10,-7.792124765054471e-06
20.316,2.2212688379570652e-10,-7.79813142783532e-06
20.316000000000003,2.2212688379570683e-10,-7.798131427835326e-06
20.32,2.2248243255388014e-10,-7.803611499372719e-06
20.320000000000004,2.2248243255388042e-10,-7.803611499372724e-06
20.324,2.2281567393049365e-10,-7.808605212096271e-06
20.324000000000005,2.2281567393049394e-10,-7.808605212096276e-06
20.328,2.2312775796721996e-10,-7.813132317767675e-06
20.328000000000003,2.2312775796722022e-10,-7.813132317767679e-06
20.332,2.234197754942379e-10,-7.817223525225584e-06
20.332000000000004,2.2341977549423814e-10,-7.817223525225588e-06
20.336,2.2369276117542155e-10,-7.820902897291698e-06
20.34,2.2394769640304887e-10,-7.824199407205048e-06
20.344,2.241855120329505e-10,-7.827134247475188e-06
20.348,2.2440709098948019e-10,-7.829732714458845e-06
20.352,2.246132707316247e-10,-7.832011547073155e-06
20.355999999999998,2.248048455934087e-10,-7.833994239096086e-06
20.356,2.248048455934089e-10,-7.833994239096088e-06
20.359999999999996,2.249825690047364e-10,-7.835698536659053e-06
20.36,2.2498256900473655e-10,-7.835698536659055e-06
20.363999999999997,2.2514715559666428e-10,-7.837138574181115e-06
20.364,2.2514715559666444e-10,-7.837138574181116e-06
20.367999999999995,2.252992831994734e-10,-7.838339585965144e-06
20.368,2.2529928319947354e-10,-7.838339585965146e-06
20.371999999999993,2.254395947363698e-10,-7.839307750468546e-06
20.372,2.2543959473637005e-10,-7.839307750468547e-06
20.375999999999994,2.2556870002332427e-10,-7.840057813867063e-06
20.376,2.255687000233245e-10,-7.840057813867064e-06
20.379999999999992,2.2568717747166075e-10,-7.840608896490092e-06
20.38,2.2568717747166096e-10,-7.840608896490092e-06
20.383999999999993,2.2579557570755732e-10,-7.840966997596152e-06
20.384,2.257955757075575e-10,-7.840966997596152e-06
20.387999999999995,2.2589441510221107e-10,-7.841150270052662e-06
20.388,2.2589441510221125e-10,-7.841150270052662e-06
20.39199999999999,2.2598418923162004e-10,-7.841158383429034e-06
20.392,2.2598418923162028e-10,-7.841158383429034e-06
20.39599999999999,2.2606536625121196e-10,-7.841013235545874e-06
20.396,2.2606536625121217e-10,-7.841013235545874e-06
20.399999999999988,2.2613839021099482e-10,-7.840725874618963e-06
20.4,2.2613839021099503e-10,-7.840725874618961e-06
20.40399999999999,2.262036822895255e-10,-7.840297125156218e-06
20.404,2.2620368228952567e-10,-7.840297125156216e-06
20.407999999999987,2.2626164198073492e-10,-7.839732384855145e-06
20.408,2.2626164198073513e-10,-7.839732384855144e-06
20.411999999999985,2.263126482006564e-10,-7.83904663597361e-06
20.412,2.263126482006566e-10,-7.839046635973607e-06
20.415999999999986,2.2635706035460738e-10,-7.838251507559654e-06
20.416,2.2635706035460754e-10,-7.83825150755965e-06
20.419999999999987,2.2639521934134714e-10,-7.837349847154054e-06
20.42,2.2639521934134727e-10,-7.83734984715405e-06
20.423999999999985,2.2642744850220372e-10,-7.836347930836537e-06
20.424,2.2642744850220383e-10,-7.836347930836534e-06
20.427999999999983,2.2645405452639322e-10,-7.83525191160053e-06
20.428,2.2645405452639334e-10,-7.835251911600524e-06
20.43199999999998,2.2647532831229368e-10,-7.83406071534873e-06
20.432,2.264753283122938e-10,-7.834060715348725e-06
20.435999999999982,2.2649154577665248e-10,-7.832790348504378e-06
20.436,2.2649154577665256e-10,-7.83279034850437e-06
20.439999999999984,2.2650296862694816e-10,-7.831433316283842e-06
20.44,2.265029686269482e-10,-7.831433316283835e-06
20.44399999999998,2.2650984509399448e-10,-7.830012377610152e-06
20.444,2.265098450939945e-10,-7.830012377610145e-06
20.44799999999998,2.265124106248928e-10,-7.828517560268304e-06
20.448,2.2651241062489283e-10,-7.828517560268296e-06
20.45199999999998,2.2651088854371783e-10,-7.826957745210155e-06
20.452,2.2651088854371783e-10,-7.826957745210146e-06
20.455999999999978,2.2650549067223383e-10,-7.82534073808609e-06
20.456,2.265054906722338e-10,-7.825340738086081e-06
20.45999999999998,2.2649641792443243e-10,-7.823658485293103e-06
20.46,2.2649641792443238e-10,-7.823658485293095e-06
20.463999999999974,2.2648386086909482e-10,-7.82192006739405e-06
20.464,2.2648386086909474e-10,-7.821920067394038e-06
20.467999999999975,2.2646800025982263e-10,-7.820133921013835e-06
20.468,2.2646800025982253e-10,-7.820133921013823e-06
20.471999999999976,2.264490075433371e-10,-7.818303792310493e-06
20.472,2.2644900754333698e-10,-7.818303792310481e-06
20.475999999999974,2.2642704533511455e-10,-7.816432832439575e-06
20.476,2.2642704533511442e-10,-7.816432832439563e-06
20.479999999999976,2.2640226788035764e-10,-7.814514076151524e-06
20.48,2.2640226788035748e-10,-7.814514076151512e-06
20.483999999999973,2.2637482147587062e-10,-7.812555172036624e-06
20.484,2.2637482147587042e-10,-7.81255517203661e-06
20.48799999999997,2.2634484488965828e-10,-7.810556637219548e-06
20.488,2.2634484488965808e-10,-7.810556637219533e-06
20.491999999999972,2.263124697419586e-10,-7.80852825641042e-06
20.492,2.2631246974195838e-10,-7.808528256410405e-06
20.49599999999997,2.2627782087235194e-10,-7.80646726274137e-06
20.496,2.2627782087235168e-10,-7.806467262741355e-06
20.499999999999968,2.2624101669466786e-10,-7.804377471367052e-06
20.5,2.2624101669466757e-10,-7.804377471367035e-06
20.50399999999997,2.2620216952325172e-10,-7.802259544891226e-06
20.504,2.262021695232514e-10,-7.802259544891209e-06
20.507999999999967,2.2616138588994022e-10,-7.800115216317173e-06
20.508,2.2616138588993988e-10,-7.800115216317156e-06
20.51199999999997,2.261187668380083e-10,-7.797944121573056e-06
20.512,2.2611876683800796e-10,-7.797944121573039e-06
20.515999999999966,2.2607440821084863e-10,-7.795749265525088e-06
20.516,2.2607440821084827e-10,-7.79574926552507e-06
20.519999999999964,2.2602840091246066e-10,-7.793532743715893e-06
20.52,2.2602840091246025e-10,-7.793532743715873e-06
20.523999999999965,2.259808311664308e-10,-7.791289070682207e-06
20.524,2.259808311664304e-10,-7.791289070682187e-06
20.527999999999963,2.259317807584489e-10,-7.789030412780112e-06
20.528,2.2593178075844845e-10,-7.789030412780092e-06
20.531999999999965,2.2588132725971276e-10,-7.78674799987265e-06
20.532,2.2588132725971232e-10,-7.786747999872629e-06
20.535999999999962,2.258295442458072e-10,-7.784448179560947e-06
20.536,2.2582954424580668e-10,-7.784448179560925e-06
20.53999999999996,2.257765015065294e-10,-7.782131082620874e-06
20.54,2.257765015065289e-10,-7.782131082620852e-06
20.54399999999996,2.2572226523538673e-10,-7.779804652326236e-06
20.544,2.2572226523538622e-10,-7.779804652326213e-06
20.547999999999963,2.2566689821798172e-10,-7.777463578200394e-06
20.548000000000002,2.2566689821798118e-10,-7.77746357820037e-06
20.55199999999996,2.2561046000456864e-10,-7.77510953337926e-06
20.552,2.256104600045681e-10,-7.775109533379236e-06
20.55599999999996,2.2555300708081022e-10,-7.772743217552002e-06
20.556,2.255530070808096e-10,-7.772743217551976e-06
20.559999999999956,2.2549459302222843e-10,-7.770363270014969e-06
20.56,2.2549459302222781e-10,-7.770363270014943e-06
20.563999999999957,2.2543526864653857e-10,-7.767970885578986e-06
20.564,2.2543526864653795e-10,-7.76797088557896e-06
20.56799999999996,2.253750821519535e-10,-7.765571735976533e-06
20.568,2.2537508215195286e-10,-7.765571735976507e-06
20.571999999999957,2.2531407925525013e-10,-7.763160614104793e-06
20.572,2.2531407925524948e-10,-7.763160614104768e-06
20.575999999999954,2.2525230331932735e-10,-7.760744050172705e-06
20.576,2.2525230331932663e-10,-7.760744050172676e-06
20.579999999999952,2.2518979547398736e-10,-7.758316798130713e-06
20.58,2.2518979547398663e-10,-7.758316798130685e-06
20.583999999999953,2.251265947289885e-10,-7.755883582937498e-06
20.584,2.2512659472898777e-10,-7.75588358293747e-06
20.587999999999955,2.2506273808812977e-10,-7.753438666535163e-06
20.588,2.2506273808812902e-10,-7.753438666535134e-06
20.59199999999995,2.2499826064620965e-10,-7.750990893660688e-06
20.592,2.2499826064620885e-10,-7.750990893660658e-06
20.59599999999995,2.249331956917817e-10,-7.748533735075201e-06
20.596,2.249331956917809e-10,-7.74853373507517e-06
20.59999999999995,2.2486757479876673e-10,-7.746068229306011e-06
20.6,2.248675747987659e-10,-7.746068229305986e-06
20.60499999999995,2.2478481712384513e-10,-7.743582785355155e-06
20.605,2.247848171238443e-10,-7.743582785355129e-06
20.60999999999995,2.2470129325227447e-10,-7.74110635885184e-06
