time_after_pulse_ms,reference_normalized,simulation_normalized,residual,region
0.0343453469558,0.0533574578098,-3.10063561153e-05,-0.053388464166,rise
0.0348290842369,0.0559939587568,6.59780290305e-05,-0.0559279807277,rise
0.0353128215179,0.0587617418928,0.000109367442863,-0.0586523744499,rise
0.035796558799,0.0615295250288,0.000123474262956,-0.0614060507658,rise
0.0362802960801,0.0644053262307,0.000988324335355,-0.0634170018954,rise
0.0367640333611,0.0673595278336,0.00889427356963,-0.058465254264,rise
0.0372477706422,0.0703137294365,0.0149423424576,-0.0553713869789,rise
0.0377315079233,0.0732679310394,0.0169985609146,-0.0562693701248,rise
0.0382152452043,0.0763160634411,0.0215593309932,-0.0547567324479,rise
0.0386989824854,0.0794813630306,0.0292704951257,-0.0502108679049,rise
0.0391827197665,0.0826466626201,0.0368820902205,-0.0457645723997,rise
0.0396664570475,0.0858119622096,0.0443282019784,-0.0414837602312,rise
0.0401501943286,0.0890557795962,0.0516120871837,-0.0374436924125,rise
0.0406339316097,0.0924739648042,0.058532206887,-0.0339417579173,rise
0.0411176688907,0.0958921500122,0.065370358858,-0.0305217911542,rise
0.0416014061718,0.0993103352202,0.0719506206296,-0.0273597145906,rise
0.0420851434529,0.102728520428,0.0784939152176,-0.0242346052107,rise
0.0425688807339,0.106146705636,0.0848616541572,-0.021285051479,rise
0.043052618015,0.109564890844,0.091213422735,-0.0183514681093,rise
0.0435363552961,0.112983076052,0.0974314957214,-0.0155515803309,rise
0.0440200925771,0.116412703658,0.103644972006,-0.0127677316521,rise
0.0445038298582,0.12010636943,0.109746581096,-0.010359788334,rise
0.0449875671393,0.123800035201,0.115848190185,-0.00795184501592,rise
0.0454713044204,0.127493700972,0.121851699204,-0.00564200176776,rise
0.0459550417014,0.131187366744,0.127852406284,-0.00333496045921,rise
0.0464387789825,0.134881032515,0.129597512453,-0.00528352006206,rise
0.0469225162636,0.138574698286,0.1308958631,-0.00767883518577,rise
0.0474062535446,0.142268364058,0.132194213748,-0.0100741503095,rise
0.0478899908257,0.145962029829,0.133492564396,-0.0124694654332,rise
0.0483737281068,0.149804635484,0.134790915043,-0.0150137204405,rise
0.0488574653878,0.153691082513,0.136089265691,-0.0176018168216,rise
0.0493412026689,0.157577529541,0.137387616339,-0.0201899132027,rise
0.04982493995,0.16146397657,0.138685966986,-0.0227780095839,rise
0.050308677231,0.165350423599,0.139984317634,-0.025366105965,rise
0.0507924145121,0.169236870627,0.141282668281,-0.0279542023461,rise
0.0512761517932,0.173123317656,0.145036215721,-0.0280871019357,rise
0.0517598890742,0.177009764685,0.150650984614,-0.0263587800709,rise
0.0522436263553,0.180955713406,0.156265753508,-0.024689959898,rise
0.0527273636364,0.184960305233,0.161880522401,-0.0230797828318,rise
0.0532111009174,0.18896489706,0.167495291295,-0.0214696057657,rise
0.0536948381985,0.192969488888,0.173110060188,-0.0198594286995,rise
0.0541785754796,0.196974080715,0.178724829082,-0.0182492516333,rise
0.0546623127606,0.200978672543,0.184339597976,-0.0166390745672,rise
0.0551460500417,0.20498326437,0.189954366869,-0.015028897501,rise
0.0556297873228,0.208987856198,0.195569135763,-0.0134187204348,rise
0.0561135246038,0.213006582695,0.201127930919,-0.0118786517755,rise
0.0565972618849,0.217071403463,0.206502071697,-0.0105693317663,rise
0.057080999166,0.221136224232,0.211876212475,-0.00926001175709,rise
0.057564736447,0.225201045001,0.217250353253,-0.0079506917479,rise
0.0580484737281,0.229267122493,0.222624494031,-0.00664262846254,rise
0.0585322110092,0.233344484574,0.227998634808,-0.00534584976582,rise
0.0590159482902,0.237421846655,0.233372775586,-0.00404907106909,rise
0.0594996855713,0.241499208736,0.238746916364,-0.00275229237237,rise
0.0599834228524,0.245576570818,0.244121057142,-0.00145551367564,rise
0.0604671601334,0.249652772888,0.24949519792,-0.000157574968573,rise
0.0609508974145,0.253728933796,0.254869338698,0.00114040490139,rise
0.0614346346956,0.257805094704,0.259895452831,0.00209035812655,rise
0.0619183719766,0.261881255612,0.264881355618,0.00300010000584,rise
0.0624021092577,0.265946999789,0.269867258405,0.00392025861595,rise
0.0628858465388,0.270010629374,0.274853161192,0.00484253181837,rise
0.0633695838198,0.274074258959,0.279839063979,0.00576480502079,rise
0.0638533211009,0.278137888543,0.284824966767,0.00668707822321,rise
0.064337058382,0.282172000936,0.289810869554,0.00763886861801,rise
0.0648207956631,0.286193268226,0.294796772341,0.00860350411478,rise
0.0653045329441,0.290214535516,0.299782675128,0.00956813961155,rise
0.0657882702252,0.294235802807,0.304768577915,0.0105327751083,rise
0.0662720075063,0.298257070097,0.309554976675,0.0112979065781,rise
0.0667557447873,0.302278337388,0.314184772959,0.0119064355711,rise
0.0672394820684,0.306299604678,0.318814569242,0.0125149645641,rise
0.0677232193495,0.310320871969,0.323444365526,0.013123493557,rise
0.0682069566305,0.314321420301,0.328074161809,0.0137527415074,rise
0.0686906939116,0.318294259416,0.332703958092,0.0144096986764,rise
0.0691744311927,0.32226709853,0.337333754376,0.0150666558453,rise
0.0696581684737,0.326239937645,0.341963550659,0.0157236130143,rise
0.0701419057548,0.330200200962,0.346593346942,0.0163931459801,rise
0.0706256430359,0.334130170908,0.351223143226,0.0170929723178,rise
0.0711093803169,0.338060140853,0.355779365144,0.0177192242905,rise
0.071593117598,0.341990110799,0.360080774647,0.0180906638479,rise
0.0720768548791,0.345907579265,0.36438218415,0.0184746048854,rise
0.0725605921601,0.349758862833,0.368683593653,0.0189247308201,rise
0.0730443294412,0.353610146401,0.372985003156,0.0193748567547,rise
0.0735280667223,0.35746142997,0.377286412659,0.0198249826894,rise
0.0740118040033,0.361312713538,0.381587822162,0.0202751086241,rise
0.0744955412844,0.365163997106,0.385889231665,0.0207252345587,rise
0.0749792785655,0.369015280675,0.390190641168,0.0211753604934,rise
0.0754630158465,0.372866564243,0.394492050671,0.0216254864281,rise
0.0759467531276,0.376717847811,0.398793460174,0.0220756123627,rise
0.0764304904087,0.380467557712,0.402825631001,0.0223580732885,rise
0.0769142276897,0.384204704082,0.406823795583,0.0226190915014,rise
0.0773979649708,0.387941850451,0.410821960165,0.0228801097142,rise
0.0778817022519,0.39167899682,0.414820124747,0.0231411279271,rise
0.0783654395329,0.395416143189,0.418818289329,0.02340214614,rise
0.078849176814,0.399153289558,0.422816453911,0.0236631643528,rise
0.0793329140951,0.402890435927,0.426814618493,0.0239241825657,rise
0.0798166513761,0.406627582296,0.430812783075,0.0241852007785,rise
0.0803003886572,0.410287015768,0.434810947657,0.0245239318884,rise
0.0807841259383,0.413899015516,0.438809112238,0.0249100967224,rise
0.0812678632193,0.417511015264,0.442652432847,0.0251414175833,rise
0.0817516005004,0.421123015012,0.446369915053,0.025246900041,rise
0.0822353377815,0.42473501476,0.450087397259,0.0253523824988,rise
0.0827190750626,0.428347014508,0.453804879464,0.0254578649565,rise
0.0832028123436,0.431959014256,0.45752236167,0.0255633474143,rise
0.0836865496247,0.435571014004,0.461239843876,0.025668829872,rise
0.0841702869058,0.439136277601,0.464957326081,0.0258210484798,rise
0.0846540241868,0.442615513071,0.468674808287,0.0260592952159,rise
0.0851377614679,0.446094748541,0.472392290493,0.026297541952,rise
0.085621498749,0.44957398401,0.476109772698,0.0265357886881,rise
0.08610523603,0.45305321948,0.479771429302,0.0267182098223,rise
0.0865889733111,0.456532454949,0.483229836743,0.026697381794,rise
0.0870727105922,0.460011690419,0.486688244185,0.0266765537658,rise
0.0875564478732,0.463490925888,0.490146651626,0.0266557257375,rise
0.0880401851543,0.466958751331,0.493605059067,0.0266463077361,rise
0.0885239224354,0.470300636194,0.497063466509,0.0267628303147,rise
0.0890076597164,0.473642521057,0.50052187395,0.0268793528933,rise
0.0894913969975,0.476984405919,0.503980281391,0.0269958754719,rise
0.0899751342786,0.480326290782,0.507438688833,0.0271123980505,rise
0.0904588715596,0.483668175645,0.510897096274,0.0272289206292,rise
0.0909426088407,0.487010060508,0.514355503715,0.0273454432078,rise
0.0914263461218,0.49035194537,0.51760168848,0.02724974311,rise
0.0919100834028,0.493693830233,0.520818739494,0.0271249092609,rise
0.0923938206839,0.496922187638,0.524035790508,0.0271136028698,rise
0.092877557965,0.500124624609,0.527252841521,0.0271282169118,rise
0.093361295246,0.503327061581,0.530469892535,0.0271428309538,rise
0.0938450325271,0.506529498553,0.533686943549,0.0271574449959,rise
0.0943287698082,0.509731935524,0.536903994562,0.0271720590379,rise
0.0948125070892,0.512934372496,0.540121045576,0.0271866730799,rise
0.0952962443703,0.516136809468,0.543338096589,0.0272012871219,rise
0.0957799816514,0.519339246439,0.546555147603,0.027215901164,rise
0.0962637189324,0.522465586399,0.549651021582,0.0271854351834,rise
0.0967474562135,0.525528439302,0.552644952592,0.0271165132906,rise
0.0972311934946,0.528591292204,0.555638883602,0.0270475913978,rise
0.0977149307756,0.531654145107,0.558632814612,0.026978669505,rise
0.0981986680567,0.534716998009,0.561626745622,0.0269097476122,rise
0.0986824053378,0.537779850912,0.564620676631,0.0268408257193,rise
0.0991661426188,0.540842703815,0.567614607641,0.0267719038265,rise
0.0996498798999,0.543905556717,0.570608538651,0.0267029819337,rise
0.100133617181,0.54693023214,0.573602469661,0.0266722375205,rise
0.100617354462,0.549854870256,0.576596400671,0.0267415304146,rise
0.101101091743,0.552779508372,0.579547643018,0.0267681346459,rise
0.101584829024,0.555704146488,0.582335262328,0.0266311158404,rise
0.102068566305,0.558628784604,0.585122881638,0.0264940970348,rise
0.102552303586,0.561553422719,0.587910500949,0.0263570782293,rise
0.103036040867,0.564478060835,0.590698120259,0.0262200594238,rise
0.103519778148,0.567402698951,0.593485739569,0.0260830406183,rise
0.10400351543,0.570326350798,0.596273358879,0.0259470080816,rise
0.104487252711,0.573115274334,0.59906097819,0.0259457038552,rise
0.104970989992,0.575904197871,0.6018485975,0.0259443996287,rise
0.105454727273,0.578693121408,0.60463621681,0.0259430954022,rise
0.105938464554,0.581482044945,0.60742383612,0.0259417911757,rise
0.106422201835,0.584270968481,0.61004397792,0.0257730094384,rise
0.106905939116,0.587059892018,0.612639254488,0.0255793624702,rise
0.107389676397,0.589848815555,0.615234531057,0.0253857155021,rise
0.107873413678,0.592637739092,0.617829807626,0.0251920685339,rise
0.108357150959,0.5953289213,0.620425084194,0.0250961628938,rise
0.10884088824,0.597985460692,0.623020360763,0.0250349000705,rise
0.109324625521,0.600642000084,0.625615637331,0.0249736372472,rise
0.109808362802,0.603298539476,0.6282109139,0.0249123744239,rise
0.110292100083,0.605955078868,0.630806190468,0.0248511116006,rise
0.110775837364,0.60861161826,0.633401467037,0.0247898487772,rise
0.111259574646,0.611268157652,0.635901859712,0.0246337020601,rise
0.111743311927,0.613924697043,0.63831962902,0.0243949319769,rise
0.112227049208,0.616520941031,0.640737398329,0.0242164572982,rise
0.112710786489,0.619049018688,0.643155167638,0.0241061489498,rise
0.11319452377,0.621577096345,0.645572936946,0.0239958406013,rise
0.113678261051,0.624105174002,0.647990706255,0.0238855322528,rise
0.114161998332,0.626633251659,0.650408475563,0.0237752239043,rise
0.114645735613,0.629161329316,0.652826244872,0.0236649155559,rise
0.115129472894,0.631689406973,0.655244014181,0.0235546072074,rise
0.115613210175,0.63421748463,0.657661783489,0.0234442988589,rise
0.116096947456,0.636720684073,0.660046613801,0.023325929728,rise
0.116580684737,0.639124627274,0.662298314916,0.023173687642,rise
0.117064422018,0.641528570475,0.664550016032,0.0230214455561,rise
0.117548159299,0.643932513677,0.666801717147,0.0228692034701,rise
0.11803189658,0.646336456878,0.669053418262,0.0227169613842,rise
0.118515633862,0.648740400079,0.671305119377,0.0225647192982,rise
0.118999371143,0.65114434328,0.673556820492,0.0224124772123,rise
0.119483108424,0.653548286481,0.675808521607,0.0222602351264,rise
0.119966845705,0.655952229682,0.678060222722,0.0221079930404,rise
0.120450582986,0.65824481826,0.680311923838,0.0220671055774,rise
0.120934320267,0.660529213267,0.682563624953,0.0220344116862,rise
0.121418057548,0.662813608273,0.68468345617,0.0218698478968,rise
0.121901794829,0.665098003279,0.686782203846,0.0216842005671,rise
0.12238553211,0.667382398286,0.688880951523,0.0214985532373,rise
0.122869269391,0.669666793292,0.690979699199,0.0213129059076,rise
0.123353006672,0.671951188298,0.693078446876,0.0211272585779,rise
0.123836743953,0.674235583305,0.695177194553,0.0209416112481,rise
0.124320481234,0.676443911521,0.697275942229,0.0208320307082,rise
0.124804218515,0.678613490625,0.699374689906,0.0207611992807,rise
0.125287955796,0.680783069729,0.701473437582,0.0206903678532,rise
0.125771693078,0.682952648833,0.703572185259,0.0206195364257,rise
0.126255430359,0.685122227937,0.70559576968,0.020473541742,rise
0.12673916764,0.687291807042,0.707551612754,0.0202598057124,rise
0.127222904921,0.689461386146,0.709507455828,0.0200460696828,rise
0.127706642202,0.69163096525,0.711463298903,0.0198323336532,rise
0.128190379483,0.693757243205,0.713419141977,0.0196618987724,rise
0.128674116764,0.695816797953,0.715374985052,0.019558187099,rise
0.129157854045,0.697876352701,0.717330828126,0.0194544754255,rise
0.129641591326,0.699935907449,0.719286671201,0.0193507637521,rise
0.130125328607,0.701995462197,0.721242514275,0.0192470520786,rise
0.130609065888,0.704055016945,0.72319835735,0.0191433404052,rise
0.131092803169,0.706114571692,0.725128942298,0.0190143706057,rise
0.13157654045,0.70817412644,0.726951693048,0.0187775666073,rise
0.132060277731,0.710220567448,0.728774443797,0.0185538763493,rise
0.132544015013,0.712174882584,0.730597194547,0.0184223119633,rise
0.133027752294,0.714129197719,0.732419945297,0.0182907475772,rise
0.133511489575,0.716083512855,0.734242696046,0.0181591831911,rise
0.133995226856,0.718037827991,0.736065446796,0.0180276188051,rise
0.134478964137,0.719992143126,0.737888197545,0.017896054419,rise
0.134962701418,0.721946458262,0.739710948295,0.0177644900329,rise
0.135446438699,0.723900773398,0.741533699045,0.0176329256468,rise
0.13593017598,0.725855088533,0.743356449794,0.0175013612608,rise
0.136413913261,0.727723400396,0.743992825575,0.0162694251788,rise
0.136897650542,0.72957720416,0.744425711052,0.0148485068923,rise
0.137381387823,0.731431007924,0.74485859653,0.0134275886058,rise
0.137865125104,0.733284811688,0.745291482007,0.0120066703192,rise
0.138348862385,0.735138615452,0.745724367485,0.0105857520327,rise
0.138832599666,0.736992419216,0.746157252962,0.00916483374612,rise
0.139316336947,0.73884622298,0.74659013844,0.00774391545958,rise
0.139800074229,0.740700026745,0.747023023918,0.00632299717303,rise
0.14028381151,0.742497579223,0.747455909395,0.00495833017173,rise
0.140767548791,0.744255506524,0.747888794873,0.00363328834846,rise
0.141251286072,0.746013433825,0.74832168035,0.0023082465252,rise
0.141735023353,0.747771361126,0.748754565828,0.00098320470193,rise
0.142218760634,0.749529288427,0.749187451305,-0.000341837121335,rise
0.142702497915,0.751287215728,0.749620336783,-0.0016668789446,rise
0.143186235196,0.753045143028,0.750053222261,-0.00299192076787,rise
0.143669972477,0.754803070329,0.750486107738,-0.00431696259113,rise
0.144153709758,0.756531967054,0.750918993216,-0.00561297383821,rise
0.144637447039,0.758198532738,0.751351878693,-0.00684665404487,rise
0.14512118432,0.759865098422,0.751784764171,-0.00808033425152,rise
0.145604921601,0.761531664107,0.752217649648,-0.00931401445818,rise
0.146088658882,0.763198229791,0.752650535126,-0.0105476946648,rise
0.146572396163,0.764864795475,0.753083420604,-0.0117813748715,rise
0.147056133445,0.766531361159,0.753516306081,-0.0130150550781,rise
0.147539870726,0.768197926844,0.753949191559,-0.0142487352848,rise
0.148023608007,0.769860247335,0.754382077036,-0.0154781702985,rise
0.148507345288,0.771439827357,0.754814962514,-0.0166248648436,rise
0.148991082569,0.77301940738,0.755247847991,-0.0177715593886,rise
0.14947481985,0.774598987403,0.755680733469,-0.0189182539336,rise
0.149958557131,0.776178567425,0.756113618947,-0.0200649484787,rise
0.150442294412,0.777758147448,0.756546504424,-0.0212116430237,rise
0.150926031693,0.77933772747,0.756979389902,-0.0223583375687,rise
0.151409768974,0.780917307493,0.757412275379,-0.0235050321138,rise
0.151893506255,0.782496887516,0.757845160857,-0.0246517266588,rise
0.152377243536,0.784011925984,0.758278046334,-0.0257338796496,rise
0.152860980817,0.785508744732,0.758710931812,-0.0267978129199,rise
0.153344718098,0.78700556348,0.75914381729,-0.0278617461901,rise
0.153828455379,0.788502382228,0.759576702767,-0.0289256794604,rise
0.154312192661,0.789999200975,0.760009588245,-0.0299896127307,rise
0.154795929942,0.791496019723,0.760442473722,-0.031053546001,rise
0.155279667223,0.792992838471,0.7608753592,-0.0321174792712,rise
0.155763404504,0.794489657219,0.761308244677,-0.0331814125415,rise
0.156247141785,0.795946269929,0.762295122511,-0.033651147418,rise
0.156730879066,0.797364392316,0.763816757534,-0.033547634782,rise
0.157214616347,0.798782514703,0.765338392557,-0.0334441221459,rise
0.157698353628,0.800200637089,0.766860027579,-0.0333406095099,rise
0.158182090909,0.801618759476,0.768381662602,-0.0332370968739,rise
0.15866582819,0.803036881862,0.769903297625,-0.0331335842379,rise
0.159149565471,0.804455004249,0.771424932647,-0.0330300716019,rise
0.159633302752,0.805873126636,0.77294656767,-0.0329265589658,rise
0.160117040033,0.807273152367,0.774468202692,-0.0328049496749,rise
0.160600777314,0.808616479606,0.775989837715,-0.0326266418908,rise
0.161084514595,0.809959806844,0.777511472738,-0.0324483341066,rise
0.161568251877,0.811303134083,0.77903310776,-0.0322700263225,rise
0.162051989158,0.812646461321,0.780554742783,-0.0320917185383,rise
0.162535726439,0.81398978856,0.782076377805,-0.0319134107542,rise
0.16301946372,0.815333115798,0.783598012828,-0.03173510297,rise
0.163503201001,0.816676443037,0.785119647851,-0.0315567951859,rise
0.163986938282,0.818019770275,0.786641282873,-0.0313784874017,rise
0.164470675563,0.819293957179,0.788162917896,-0.0311310392833,rise
0.164954412844,0.82056622537,0.789684552919,-0.0308816724514,rise
0.165438150125,0.821838493561,0.791206187941,-0.0306323056195,rise
0.165921887406,0.823110761751,0.792727822964,-0.0303829387877,rise
0.166405624687,0.824383029942,0.794249457986,-0.0301335719558,rise
0.166889361968,0.825655298133,0.795771093009,-0.0298842051239,rise
0.167373099249,0.826927566324,0.797292728032,-0.029634838292,rise
0.16785683653,0.828199834514,0.798814363054,-0.0293854714601,rise
0.168340573812,0.829424588443,0.800335998077,-0.0290885903661,rise
0.168824311093,0.830629369296,0.801857633099,-0.0287717361962,rise
0.169308048374,0.831834150148,0.803379268122,-0.0284548820262,rise
0.169791785655,0.833038931001,0.804900903145,-0.0281380278563,rise
0.170275522936,0.834243711854,0.806422538167,-0.0278211736863,rise
0.170759260217,0.835448492706,0.80794417319,-0.0275043195164,rise
0.171242997498,0.836653273559,0.809465808212,-0.0271874653464,rise
0.171726734779,0.837858054412,0.810987443235,-0.0268706111765,rise
0.17221047206,0.839034955326,0.812509078258,-0.0265258770687,rise
0.172694209341,0.84017565848,0.81403071328,-0.0261449451995,rise
0.173177946622,0.841316361633,0.815552348303,-0.0257640133304,rise
0.173661683903,0.842457064787,0.817073983326,-0.0253830814613,rise
0.174145421184,0.84359776794,0.818595618348,-0.0250021495921,rise
0.174629158465,0.844738471094,0.820117253371,-0.024621217723,rise
0.175112895746,0.845879174247,0.821638888393,-0.0242402858539,rise
0.175596633028,0.847019877401,0.823160523416,-0.0238593539847,rise
0.176080370309,0.848150474541,0.824622358568,-0.0235281159726,rise
0.17656410759,0.849230351061,0.82577953203,-0.0234508190314,rise
0.177047844871,0.850310227581,0.826936705491,-0.0233735220902,rise
0.177531582152,0.851390104101,0.828093878952,-0.023296225149,rise
0.178015319433,0.852469980621,0.829251052413,-0.0232189282078,rise
0.178499056714,0.853549857141,0.830408225875,-0.0231416312666,rise
0.178982793995,0.854629733661,0.831565399336,-0.0230643343253,rise
0.179466531276,0.855709610181,0.832722572797,-0.0229870373841,rise
0.179950268557,0.856789486701,0.833879746258,-0.0229097404429,rise
0.180434005838,0.857817568437,0.83503691972,-0.022780648717,rise
0.180917743119,0.858839715161,0.836194093181,-0.0226456219802,rise
0.1814014804,0.859861861886,0.837351266642,-0.0225105952434,rise
0.181885217681,0.86088400861,0.838508440103,-0.0223755685066,rise
0.182368954962,0.861906155335,0.839665613565,-0.0222405417698,rise
0.182852692244,0.862928302059,0.840822787026,-0.022105515033,rise
0.183336429525,0.863950448783,0.841979960487,-0.0219704882962,rise
0.183820166806,0.864972595508,0.843137133949,-0.0218354615594,rise
0.184303904087,0.865960325721,0.84429430741,-0.0216660183117,rise
0.184787641368,0.866927690197,0.845451480871,-0.0214762093256,rise
0.185271378649,0.867895054672,0.846608654332,-0.0212864003396,rise
0.18575511593,0.868862419147,0.847765827794,-0.0210965913536,rise
0.186238853211,0.869829783622,0.848923001255,-0.0209067823675,rise
0.186722590492,0.870797148098,0.850080174716,-0.0207169733815,rise
0.187206327773,0.871764512573,0.851237348177,-0.0205271643954,rise
0.187690065054,0.872731877048,0.852394521639,-0.0203373554094,rise
0.188173802335,0.873680566068,0.8535516951,-0.0201288709683,rise
0.188657539616,0.874595951876,0.854708868561,-0.0198870833145,rise
0.189141276897,0.875511337683,0.855866042022,-0.0196452956606,rise
0.189625014178,0.87642672349,0.857023215484,-0.0194035080068,rise
0.19010875146,0.877342109298,0.858180388945,-0.0191617203529,rise
0.190592488741,0.878257495105,0.859337562406,-0.0189199326991,rise
0.191076226022,0.879172880913,0.860494735867,-0.0186781450452,rise
0.191559963303,0.88008826672,0.861651909329,-0.0184363573914,rise
0.192043700584,0.880999197571,0.86280908279,-0.0181901147816,rise
0.192527437865,0.88186526989,0.863966256251,-0.0178990136389,rise
0.193011175146,0.882731342209,0.865123429712,-0.0176079124962,rise
0.193494912427,0.883597414527,0.866280603174,-0.0173168113534,rise
0.193978649708,0.884463486846,0.867437776635,-0.0170257102107,rise
0.194462386989,0.885329559164,0.868594950096,-0.0167346090679,rise
0.19494612427,0.886195631483,0.869752123557,-0.0164435079252,rise
0.195429861551,0.887061703801,0.870909297019,-0.0161524067824,rise
0.195913598832,0.88792777612,0.87206647048,-0.0158613056397,rise
0.196397336113,0.888755423048,0.87295452011,-0.0158009029377,rise
0.196881073394,0.889574714333,0.873783221787,-0.015791492546,rise
0.197364810676,0.890394005619,0.874611923465,-0.0157820821544,rise
0.197848547957,0.891213296905,0.875440625142,-0.0157726717628,rise
0.198332285238,0.89203258819,0.876269326819,-0.0157632613712,rise
0.198816022519,0.892851879476,0.877098028496,-0.0157538509796,rise
0.1992997598,0.893671170761,0.877926730173,-0.015744440588,rise
0.199783497081,0.894490462047,0.878755431851,-0.0157350301963,rise
0.200267234362,0.895285238613,0.879584133528,-0.0157011050852,rise
0.200750971643,0.896060154304,0.880412835205,-0.0156473190987,rise
0.201234708924,0.896835069994,0.881241536882,-0.0155935331122,rise
0.201718446205,0.897609985685,0.882070238559,-0.0155397471258,rise
0.202202183486,0.898384901376,0.882898940236,-0.0154859611393,rise
0.202685920767,0.899159817066,0.883727641914,-0.0154321751528,rise
0.203169658048,0.899934732757,0.884556343591,-0.0153783891664,rise
0.203653395329,0.900709648448,0.885385045268,-0.0153246031799,rise
0.204137132611,0.901472631796,0.886213746945,-0.0152588848509,rise
0.204620869892,0.902205455975,0.887042448622,-0.0151630073523,rise
0.205104607173,0.902938280153,0.8878711503,-0.0150671298538,rise
0.205588344454,0.903671104332,0.888699851977,-0.0149712523553,rise
0.206072081735,0.904403928511,0.889528553654,-0.0148753748567,rise
0.206555819016,0.905136752689,0.890357255331,-0.0147794973582,rise
0.207039556297,0.905869576868,0.891185957008,-0.0146836198597,rise
0.207523293578,0.906602401047,0.892014658686,-0.0145877423611,rise
0.208007030859,0.907334644963,0.892843360363,-0.0144912846003,rise
0.20849076814,0.908027545926,0.89367206204,-0.0143554838862,rise
0.208974505421,0.908720446889,0.894500763717,-0.0142196831721,rise
0.209458242702,0.909413347852,0.895329465394,-0.0140838824579,rise
0.209941979983,0.910106248815,0.896158167072,-0.0139480817438,rise
0.210425717264,0.910799149778,0.896986868749,-0.0138122810297,rise
0.210909454545,0.911492050741,0.897815570426,-0.0136764803155,rise
0.211393191827,0.912184951705,0.898644272103,-0.0135406796014,rise
0.211876929108,0.912877852668,0.89947297378,-0.0134048788873,rise
0.212360666389,0.913542521923,0.900301675458,-0.0132408464658,rise
0.21284440367,0.914197557619,0.901130377135,-0.0130671804839,rise
0.213328140951,0.914852593314,0.901959078812,-0.0128935145021,rise
0.213811878232,0.915507629009,0.902787780489,-0.0127198485203,rise
0.214295615513,0.916162664705,0.903616482166,-0.0125461825384,rise
0.214779352794,0.9168177004,0.904445183844,-0.0123725165566,rise
0.215263090075,0.917472736095,0.905273885521,-0.0121988505748,rise
0.215746827356,0.918127771791,0.906102587198,-0.0120251845929,rise
0.216230564637,0.918765690495,0.906824607042,-0.0119410834525,rise
0.216714301918,0.919384813802,0.907428509376,-0.0119563044255,rise
0.217198039199,0.920003937108,0.90803241171,-0.0119715253985,rise
0.21768177648,0.920623060415,0.908636314044,-0.0119867463715,rise
0.218165513761,0.921242183722,0.909240216377,-0.0120019673445,rise
0.218649251043,0.921861307029,0.909844118711,-0.0120171883175,rise
0.219132988324,0.922480430336,0.910448021045,-0.0120324092905,rise
0.219616725605,0.923099553642,0.911051923379,-0.0120476302635,rise
0.220100462886,0.923711603454,0.911655825713,-0.0120557777418,rise
0.220584200167,0.924296667287,0.912259728046,-0.0120369392405,rise
0.221067937448,0.924881731119,0.91286363038,-0.0120181007391,rise
0.221551674729,0.925466794952,0.913467532714,-0.0119992622378,rise
0.22203541201,0.926051858784,0.914071435048,-0.0119804237364,rise
0.222519149291,0.926636922617,0.914675337382,-0.0119615852351,rise
0.223002886572,0.927221986449,0.915279239715,-0.0119427467338,rise
0.223486623853,0.927807050282,0.915883142049,-0.0119239082324,rise
0.223970361134,0.928392114114,0.916487044383,-0.0119050697311,rise
0.224454098415,0.928946855476,0.917090946717,-0.0118559087592,rise
0.224937835696,0.929499617699,0.917694849051,-0.0118047686488,rise
0.225421572977,0.930052379923,0.918298751384,-0.0117536285384,rise
0.225905310259,0.930605142146,0.918902653718,-0.011702488428,rise
0.22638904754,0.93115790437,0.919506556052,-0.0116513483177,rise
0.226872784821,0.931710666593,0.920110458386,-0.0116002082073,rise
0.227356522102,0.932263428816,0.920714360719,-0.0115490680969,rise
0.227840259383,0.93281619104,0.921318263053,-0.0114979279866,rise
0.228323996664,0.933348435231,0.921922165387,-0.0114262698441,rise
0.228807733945,0.933870563383,0.922526067721,-0.011344495662,rise
0.229291471226,0.934392691534,0.923129970055,-0.0112627214798,rise
0.229775208507,0.934914819686,0.923733872388,-0.0111809472977,rise
0.230258945788,0.935436947838,0.924337774722,-0.0110991731155,rise
0.230742683069,0.935959075989,0.924941677056,-0.0110173989334,rise
0.23122642035,0.936481204141,0.92554557939,-0.0109356247512,rise
0.231710157631,0.937003332293,0.926149481724,-0.0108538505691,rise
0.232193894912,0.937513815485,0.926753384057,-0.0107604314281,rise
0.232677632193,0.938006891298,0.927357286391,-0.0106496049067,rise
0.233161369475,0.93849996711,0.927961188725,-0.0105387783854,rise
0.233645106756,0.938993042923,0.928565091059,-0.0104279518641,rise
0.234128844037,0.939486118735,0.929168993392,-0.0103171253428,rise
0.234612581318,0.939979194548,0.929772895726,-0.0102062988215,rise
0.235096318599,0.94047227036,0.93037679806,-0.0100954723002,rise
0.23558005588,0.940965346173,0.930980700394,-0.00998464577887,rise
0.236063793161,0.941454788536,0.931563852873,-0.0098909356631,rise
0.236547530442,0.941920312263,0.932007905345,-0.00991240691809,rise
0.237031267723,0.94238583599,0.932451957817,-0.00993387817308,rise
0.237515005004,0.942851359717,0.932896010289,-0.00995534942807,rise
0.237998742285,0.943316883444,0.933340062761,-0.00997682068306,rise
0.238482479566,0.94378240717,0.933784115232,-0.00999829193805,rise
0.238966216847,0.944247930897,0.934228167704,-0.010019763193,rise
0.239449954128,0.944713454624,0.934672220176,-0.010041234448,rise
0.23993369141,0.945178978351,0.935116272648,-0.010062705703,rise
0.240417428691,0.94562195457,0.93556032512,-0.0100616294504,rise
0.240901165972,0.946061349115,0.936004377591,-0.0100569715238,rise
0.241384903253,0.94650074366,0.936448430063,-0.0100523135972,rise
0.241868640534,0.946940138206,0.936892482535,-0.0100476556706,rise
0.242352377815,0.947379532751,0.937336535007,-0.0100429977441,rise
0.242836115096,0.947818927296,0.937780587479,-0.0100383398175,rise
0.243319852377,0.948258321841,0.93822463995,-0.0100336818909,rise
0.243803589658,0.948697716387,0.938668692422,-0.0100290239643,rise
0.244287326939,0.949122392463,0.939112744894,-0.0100096475689,rise
0.24477106422,0.949537007319,0.939556797366,-0.00998020995353,rise
0.245254801501,0.949951622176,0.940000849838,-0.0099507723382,rise
0.245738538782,0.950366237032,0.940444902309,-0.00992133472287,rise
0.246222276063,0.950780851889,0.940888954781,-0.00989189710754,rise
0.246706013344,0.951195466745,0.941333007253,-0.00986245949221,rise
0.247189750626,0.951610081602,0.941777059725,-0.00983302187688,rise
0.247673487907,0.952024696458,0.942221112197,-0.00980358426155,rise
0.248157225188,0.952431673348,0.942665164669,-0.00976650867919,rise
0.248640962469,0.952822788347,0.94310921714,-0.00971357120699,rise
0.24912469975,0.953213903347,0.943553269612,-0.00966063373479,rise
0.249608437031,0.953605018347,0.943997322084,-0.00960769626259,rise
0.250092174312,0.953996133346,0.944441374556,-0.00955475879038,rise
0.250575911593,0.954387248346,0.944885427028,-0.00950182131818,rise
0.251059648874,0.954778363345,0.945329479499,-0.00944888384598,rise
0.251543386155,0.955169478345,0.945773531971,-0.00939594637378,rise
0.252027123436,0.955559343749,0.946217584443,-0.00934175930584,rise
0.252510860717,0.955928172633,0.946661636915,-0.00926653571771,rise
0.252994597998,0.956297001516,0.947105689387,-0.00919131212959,rise
0.253478335279,0.9566658304,0.947549741858,-0.00911608854146,rise
0.25396207256,0.957034659284,0.94799379433,-0.00904086495333,rise
0.254445809842,0.957403488167,0.948437846802,-0.0089656413652,rise
0.254929547123,0.957772317051,0.948881899274,-0.00889041777708,rise
0.255413284404,0.958141145935,0.949325951746,-0.00881519418895,rise
0.255897021685,0.958509974818,0.949770004218,-0.00873997060082,rise
0.256380758966,0.958862167879,0.950147673072,-0.00871449480647,rise
0.256864496247,0.959209861691,0.950507166038,-0.00870269565262,rise
0.257348233528,0.959557555503,0.950866659004,-0.00869089649878,rise
0.257831970809,0.959905249315,0.951226151971,-0.00867909734494,rise
0.25831570809,0.960252943128,0.951585644937,-0.00866729819109,rise
0.258799445371,0.96060063694,0.951945137903,-0.00865549903725,rise
0.259283182652,0.960948330752,0.952304630869,-0.00864369988341,rise
0.259766919933,0.961296024564,0.952664123835,-0.00863190072956,rise
0.260250657214,0.961633332477,0.953023616801,-0.00860971567556,rise
0.260734394495,0.961960982792,0.953383109767,-0.00857787302479,rise
0.261218131776,0.962288633107,0.953742602733,-0.00854603037402,rise
0.261701869058,0.962616283423,0.954102095699,-0.00851418772325,rise
0.262185606339,0.962943933738,0.954461588665,-0.00848234507247,rise
0.26266934362,0.963271584053,0.954821081632,-0.0084505024217,rise
0.263153080901,0.963599234369,0.955180574598,-0.00841865977093,rise
0.263636818182,0.963926884684,0.955540067564,-0.00838681712016,rise
0.264120555463,0.964249797804,0.95589956053,-0.00835023727458,rise
0.264604292744,0.964558439792,0.956259053496,-0.00829938629617,rise
0.265088030025,0.96486708178,0.956618546462,-0.00824853531776,rise
0.265571767306,0.965175723767,0.956978039428,-0.00819768433935,rise
0.266055504587,0.965484365755,0.957337532394,-0.00814683336094,rise
0.266539241868,0.965793007743,0.95769702536,-0.00809598238253,rise
0.267022979149,0.966101649731,0.958056518326,-0.00804513140412,rise
0.26750671643,0.966410291718,0.958416011293,-0.00799428042571,rise
0.267990453711,0.966718933706,0.958775504259,-0.0079434294473,rise
0.268474190992,0.967009904787,0.959134997225,-0.00787490756198,rise
0.268957928274,0.967300520121,0.959494490191,-0.0078060299306,rise
0.269441665555,0.967591135456,0.959853983157,-0.00773715229922,rise
0.269925402836,0.967881750791,0.960213476123,-0.00766827466784,rise
0.270409140117,0.968172366126,0.960572969089,-0.00759939703647,rise
0.270892877398,0.96846298146,0.960932462055,-0.00753051940509,rise
0.271376614679,0.968753596795,0.961291955021,-0.00746164177371,rise
0.27186035196,0.96904421213,0.961651447987,-0.00739276414233,rise
0.272344089241,0.969322667042,0.962010940954,-0.00731172608801,rise
0.272827826522,0.969596186666,0.96237043392,-0.00722575274647,rise
0.273311563803,0.969869706291,0.962729926886,-0.00713977940494,rise
0.273795301084,0.970143225915,0.963089419852,-0.0070538060634,rise
0.274279038365,0.97041674554,0.963448912818,-0.00696783272186,rise
0.274762775646,0.970690265164,0.963808405784,-0.00688185938033,rise
0.275246512927,0.970963784789,0.96416789875,-0.00679588603879,rise
0.275730250209,0.971237304413,0.964527391716,-0.00670991269726,rise
0.27621398749,0.971503652061,0.964715349723,-0.00678830233767,rise
0.276697724771,0.971760958808,0.964685252413,-0.00707570639511,rise
0.277181462052,0.972018265556,0.964655155103,-0.00736311045255,rise
0.277665199333,0.972275572303,0.964625057793,-0.00765051450999,rise
0.278148936614,0.972532879051,0.964594960483,-0.00793791856744,rise
0.278632673895,0.972790185798,0.964564863173,-0.00822532262488,rise
0.279116411176,0.973047492546,0.964534765863,-0.00851272668232,rise
0.279600148457,0.973304799293,0.964504668553,-0.00880013073976,rise
0.280083885738,0.973559439719,0.964474571243,-0.00908486847573,rise
0.280567623019,0.9738013708,0.964444473933,-0.00935689686707,rise
0.2810513603,0.974043301882,0.964414376623,-0.00962892525842,rise
0.281535097581,0.974285232963,0.964384279314,-0.00990095364976,rise
0.282018834862,0.974527164045,0.964354182004,-0.0101729820411,rise
0.282502572143,0.974769095126,0.964324084694,-0.0104450104324,rise
0.282986309425,0.975011026207,0.964293987384,-0.0107170388238,rise
0.283470046706,0.975252957289,0.964263890074,-0.0109890672151,rise
0.283953783987,0.97549488837,0.964233792764,-0.0112610956065,rise
0.284437521268,0.975723630864,0.964203695454,-0.0115199354107,rise
0.284921258549,0.975950980229,0.964173598144,-0.0117773820851,rise
0.28540499583,0.976178329593,0.964143500834,-0.0120348287594,rise
0.285888733111,0.976405678958,0.964113403524,-0.0122922754338,rise
0.286372470392,0.976633028322,0.964083306214,-0.0125497221082,rise
0.286856207673,0.976860377687,0.964053208904,-0.0128071687826,rise
0.287339944954,0.977087727051,0.964023111594,-0.013064615457,rise
0.287823682235,0.977315076416,0.963993014284,-0.0133220621314,rise
0.288307419516,0.977533637455,0.963962916974,-0.0135707204811,rise
0.288791156797,0.977747158029,0.963932819664,-0.0138143383644,rise
0.289274894078,0.977960678602,0.963902722354,-0.0140579562477,rise
0.289758631359,0.978174199175,0.963872625044,-0.014301574131,rise
0.290242368641,0.978387719749,0.963842527734,-0.0145451920143,rise
0.290726105922,0.978601240322,0.963812430425,-0.0147888098976,rise
0.291209843203,0.978814760895,0.963782333115,-0.0150324277809,rise
0.291693580484,0.979028281469,0.963752235805,-0.0152760456642,rise
0.292177317765,0.97923699472,0.963722138495,-0.0155148562255,rise
0.292661055046,0.979437400528,0.963692041185,-0.0157453593436,rise
0.293144792327,0.979637806336,0.963661943875,-0.0159758624617,rise
0.293628529608,0.979838212145,0.963631846565,-0.0162063655798,rise
0.294112266889,0.980038617953,0.963601749255,-0.0164368686978,rise
0.29459600417,0.980239023761,0.963571651945,-0.0166673718159,rise
0.295079741451,0.980439429569,0.963541554635,-0.016897874934,rise
0.295563478732,0.980639835377,0.963511457325,-0.0171283780521,rise
0.296047216013,0.980839027189,0.963509328066,-0.0173296991231,rise
0.296530953294,0.981026995371,0.963771968878,-0.0172550264929,rise
0.297014690575,0.981214963553,0.96403460969,-0.0171803538627,rise
0.297498427857,0.981402931735,0.964297250503,-0.0171056812325,rise
0.297982165138,0.981590899917,0.964559891315,-0.0170310086023,rise
0.298465902419,0.981778868099,0.964822532127,-0.0169563359721,rise
0.2989496397,0.981966836281,0.965085172939,-0.0168816633419,rise
0.299433376981,0.982154804463,0.965347813751,-0.0168069907117,rise
0.299917114262,0.982342772645,0.965610454564,-0.0167323180815,rise
0.300400851543,0.982520966451,0.965873095376,-0.0166478710752,rise
0.300884588824,0.982697139169,0.966135736188,-0.0165614029807,rise
0.301368326105,0.982873311886,0.966398377,-0.0164749348862,rise
0.301852063386,0.983049484604,0.966661017812,-0.0163884667917,rise
0.302335800667,0.983225657322,0.966923658624,-0.0163019986972,rise
0.302819537948,0.983401830039,0.967186299437,-0.0162155306027,rise
0.303303275229,0.983578002757,0.967448940249,-0.0161290625081,rise
0.30378701251,0.983754175475,0.967711581061,-0.0160425944136,rise
0.304270749791,0.983924087078,0.967974221873,-0.0159498652052,rise
0.304754487073,0.984089073327,0.968236862685,-0.0158522106414,rise
0.305238224354,0.984254059575,0.968499503497,-0.0157545560777,rise
0.305721961635,0.984419045824,0.96876214431,-0.0156569015139,rise
0.306205698916,0.984584032072,0.969024785122,-0.0155592469502,rise
0.306689436197,0.98474901832,0.969287425934,-0.0154615923864,rise
0.307173173478,0.984914004569,0.969550066746,-0.0153639378227,rise
0.307656910759,0.985078990817,0.969812707558,-0.0152662832589,rise
0.30814064804,0.98524089249,0.970075348371,-0.0151655441191,rise
0.308624385321,0.985395269814,0.970337989183,-0.0150572806309,rise
0.309108122602,0.985549647138,0.970600629995,-0.0149490171426,rise
0.309591859883,0.985704024461,0.970863270807,-0.0148407536544,rise
0.310075597164,0.985858401785,0.971125911619,-0.0147324901661,rise
0.310559334445,0.986012779109,0.971388552431,-0.0146242266779,rise
0.311043071726,0.986167156433,0.971651193244,-0.0145159631896,rise
0.311526809008,0.986321533757,0.971913834056,-0.0144076997014,rise
0.312010546289,0.98647569173,0.972176474868,-0.014299216862,rise
0.31249428357,0.986620007852,0.97243911568,-0.0141808921716,rise
0.312978020851,0.986764323974,0.972701756492,-0.0140625674813,rise
0.313461758132,0.986908640095,0.972964397304,-0.0139442427909,rise
0.313945495413,0.987052956217,0.973227038117,-0.0138259181006,rise
0.314429232694,0.987197272339,0.973489678929,-0.0137075934102,rise
0.314912969975,0.987341588461,0.973752319741,-0.0135892687198,rise
0.315396707256,0.987485904583,0.974014960553,-0.0134709440295,rise
0.315880444537,0.987630220704,0.974277601365,-0.0133526193391,rise
0.316364181818,0.987767353309,0.97451085795,-0.0132564953588,rise
0.316847919099,0.987902127672,0.974734360662,-0.0131677670092,rise
0.31733165638,0.988036902034,0.974957863375,-0.0130790386597,rise
0.317815393661,0.988171676397,0.975181366087,-0.0129903103101,rise
0.318299130942,0.98830645076,0.975404868799,-0.0129015819605,rise
0.318782868224,0.988441225123,0.975628371512,-0.012812853611,rise
0.319266605505,0.988575999485,0.975851874224,-0.0127241252614,rise
0.319750342786,0.988710773848,0.976075376936,-0.0126353969118,rise
0.320234080067,0.988841169343,0.976298879648,-0.0125422896947,rise
0.320717817348,0.988966894574,0.976522382361,-0.0124445122129,rise
0.321201554629,0.989092619804,0.976745885073,-0.0123467347311,rise
0.32168529191,0.989218345035,0.976969387785,-0.0122489572494,rise
0.322169029191,0.989344070265,0.977192890498,-0.0121511797676,rise
0.322652766472,0.989469795496,0.97741639321,-0.0120534022858,rise
0.323136503753,0.989595520726,0.977639895922,-0.011955624804,rise
0.323620241034,0.989721245957,0.977863398634,-0.0118578473222,rise
0.324103978315,0.989845126518,0.978086901347,-0.0117582251717,rise
0.324587715596,0.989962269815,0.978310404059,-0.011651865756,rise
0.325071452877,0.990079413112,0.978533906771,-0.0115455063402,rise
0.325555190158,0.990196556408,0.978757409484,-0.0114391469245,rise
0.32603892744,0.990313699705,0.978980912196,-0.0113327875087,rise
0.326522664721,0.990430843001,0.979204414908,-0.011226428093,rise
0.327006402002,0.990547986298,0.979427917621,-0.0111200686772,rise
0.327490139283,0.990665129594,0.979651420333,-0.0110137092615,rise
0.327973876564,0.990782272891,0.979874923045,-0.0109073498457,rise
0.328457613845,0.990891716863,0.980098425757,-0.0107932911059,rise
0.328941351126,0.991000721311,0.98032192847,-0.0106787928409,rise
0.329425088407,0.991109725758,0.980545431182,-0.0105642945759,rise
0.329908825688,0.991218730205,0.980768933894,-0.0104497963109,rise
0.330392562969,0.991327734652,0.980992436607,-0.0103352980459,rise
0.33087630025,0.9914367391,0.981215939319,-0.0102207997809,rise
0.331360037531,0.991545743547,0.981439442031,-0.0101063015159,rise
0.331843774812,0.991654747994,0.981662944743,-0.00999180325093,rise
0.332327512093,0.991758526578,0.981886447456,-0.00987207912248,rise
0.332811249374,0.991859812395,0.982109950168,-0.00974986222653,rise
0.333294986656,0.991961098211,0.98233345288,-0.00962764533059,rise
0.333778723937,0.992062384027,0.982556955593,-0.00950542843465,rise
0.334262461218,0.992163669844,0.982780458305,-0.0093832115387,rise
0.334746198499,0.99226495566,0.983003961017,-0.00926099464276,rise
0.33522993578,0.992366241476,0.983227463729,-0.00913877774682,rise
0.335713673061,0.992467527293,0.983450966442,-0.00901656085087,rise
0.336197410342,0.992565825821,0.98365300528,-0.00891282054027,rise
0.336681147623,0.99265979154,0.983823644809,-0.00883614673114,rise
0.337164884904,0.99275375726,0.983994284338,-0.00875947292201,rise
0.337648622185,0.99284772298,0.984164923867,-0.00868279911288,rise
0.338132359466,0.9929416887,0.984335563396,-0.00860612530375,rise
0.338616096747,0.993035654419,0.984506202925,-0.00852945149462,rise
0.339099834028,0.993129620139,0.984676842454,-0.00845277768549,rise
0.339583571309,0.993223585859,0.984847481982,-0.00837610387636,rise
0.34006730859,0.993316585631,0.985018121511,-0.00829846412005,rise
0.340551045872,0.993403609226,0.98518876104,-0.00821484818569,rise
0.341034783153,0.99349063282,0.985359400569,-0.00813123225134,rise
0.341518520434,0.993577656415,0.985530040098,-0.00804761631698,rise
0.342002257715,0.993664680009,0.985700679627,-0.00796400038263,rise
0.342485994996,0.993751703604,0.985871319156,-0.00788038444827,rise
0.342969732277,0.993838727199,0.986041958685,-0.00779676851392,rise
0.343453469558,0.993925750793,0.986212598214,-0.00771315257956,rise
0.343937206839,0.994012774388,0.986383237742,-0.0076295366452,rise
0.34442094412,0.994094068942,0.986553877271,-0.00754019167059,rise
0.344904681401,0.994174508883,0.9867245168,-0.00744999208244,rise
0.345388418682,0.994254948823,0.986895156329,-0.00735979249428,rise
0.345872155963,0.994335388764,0.987065795858,-0.00726959290613,rise
0.346355893244,0.994415828705,0.987236435387,-0.00717939331797,rise
0.346839630525,0.994496268645,0.987407074916,-0.00708919372981,rise
0.347323367807,0.994576708586,0.987577714445,-0.00699899414166,rise
0.347807105088,0.994657148527,0.987748353973,-0.0069087945535,rise
0.348290842369,0.994733834519,0.987918993502,-0.00681484101623,rise
0.34877457965,0.994808030785,0.988089633031,-0.00671839775339,rise
0.349258316931,0.994882227051,0.98826027256,-0.00662195449054,rise
0.349742054212,0.994956423317,0.988430912089,-0.00652551122769,rise
0.350225791493,0.995030619583,0.988601551618,-0.00642906796484,rise
0.350709528774,0.995104815849,0.988772191147,-0.00633262470199,rise
0.351193266055,0.995179012115,0.988942830676,-0.00623618143915,rise
0.351677003336,0.995253208381,0.989113470205,-0.0061397381763,rise
0.352160740617,0.995325437086,0.989284109733,-0.00604132735268,rise
0.352644477898,0.99539371212,0.989454749262,-0.00593896285775,rise
0.353128215179,0.995461987154,0.989625388791,-0.00583659836282,rise
0.35361195246,0.995530262188,0.98979602832,-0.00573423386789,rise
0.354095689741,0.995598537222,0.989966667849,-0.00563186937296,rise
0.354579427023,0.995666812256,0.990137307378,-0.00552950487804,rise
0.355063164304,0.99573508729,0.990307946907,-0.00542714038311,rise
0.355546901585,0.995803362324,0.990478586436,-0.00532477588818,rise
0.356030638866,0.995871281689,0.99064593656,-0.00522534512921,rise
0.356514376147,0.995933941303,0.990762889569,-0.00517105173423,rise
0.356998113428,0.995996600917,0.990879842578,-0.00511675833925,rise
0.357481850709,0.996059260531,0.990996795587,-0.00506246494427,rise
0.35796558799,0.996121920145,0.991113748596,-0.00500817154929,rise
0.358449325271,0.996184579759,0.991230701605,-0.0049538781543,rise
0.358933062552,0.996247239373,0.991347654613,-0.00489958475932,rise
0.359416799833,0.996309898987,0.991464607622,-0.00484529136434,rise
0.359900537114,0.996372558601,0.991581560631,-0.00479099796936,rise
0.360384274395,0.996430987804,0.99169851364,-0.00473247416434,rise
0.360868011676,0.996488322039,0.991815466649,-0.00467285538971,rise
0.361351748957,0.996545656273,0.991932419658,-0.00461323661507,rise
0.361835486239,0.996602990507,0.992049372667,-0.00455361784043,rise
0.36231922352,0.996660324742,0.992166325676,-0.00449399906579,rise
0.362802960801,0.996717658976,0.992283278685,-0.00443438029115,rise
0.363286698082,0.99677499321,0.992400231694,-0.00437476151651,rise
0.363770435363,0.996832327444,0.992517184702,-0.00431514274187,rise
0.364254172644,0.996887008075,0.992634137711,-0.00425287036347,rise
0.364737909925,0.996939292013,0.99275109072,-0.00418820129289,rise
0.365221647206,0.996991575952,0.992868043729,-0.00412353222232,rise
0.365705384487,0.99704385989,0.992984996738,-0.00405886315175,rise
0.366189121768,0.997096143828,0.993101949747,-0.00399419408117,rise
0.366672859049,0.997148427766,0.993218902756,-0.0039295250106,rise
0.36715659633,0.997200711705,0.993335855765,-0.00386485594002,rise
0.367640333611,0.997252995643,0.993452808774,-0.00380018686945,rise
0.368124070892,0.997304051178,0.993569761783,-0.00373428939503,rise
0.368607808173,0.997351545719,0.993686714792,-0.00366483092763,rise
0.369091545455,0.997399040261,0.9938036678,-0.00359537246023,rise
0.369575282736,0.997446534802,0.993920620809,-0.00352591399283,rise
0.370059020017,0.997494029344,0.994037573818,-0.00345645552543,rise
0.370542757298,0.997541523885,0.994154526827,-0.00338699705803,rise
0.371026494579,0.997589018427,0.994271479836,-0.00331753859063,rise
0.37151023186,0.997636512968,0.994388432845,-0.00324808012323,rise
0.371993969141,0.99768400751,0.994505385854,-0.00317862165583,rise
0.372477706422,0.997727016727,0.994622338863,-0.00310467786427,rise
0.372961443703,0.997769969319,0.994739291872,-0.00303067744722,rise
0.373445180984,0.997812921911,0.994856244881,-0.00295667703017,rise
0.373928918265,0.997855874503,0.994973197889,-0.00288267661313,rise
0.374412655546,0.997898827094,0.995090150898,-0.00280867619608,rise
0.374896392827,0.997941779686,0.995207103907,-0.00273467577903,rise
0.375380130108,0.997984732278,0.995324056916,-0.00266067536199,rise
0.375863867389,0.99802768487,0.995441009925,-0.00258667494494,rise
0.376347604671,0.998067542344,0.995524307448,-0.00254323489585,rise
0.376831341952,0.998106187676,0.995594289327,-0.00251189834869,rise
0.377315079233,0.998144833007,0.995664271206,-0.00248056180153,rise
0.377798816514,0.998183478339,0.995734253085,-0.00244922525436,rise
0.378282553795,0.998222123671,0.995804234963,-0.0024178887072,rise
0.378766291076,0.998260769002,0.995874216842,-0.00238655216004,rise
0.379250028357,0.998299414334,0.995944198721,-0.00235521561287,rise
0.379733765638,0.998338059665,0.9960141806,-0.00232387906571,rise
0.380217502919,0.998374868406,0.996084162479,-0.0022907059275,rise
0.3807012402,0.998409429068,0.996154144357,-0.00225528471074,rise
0.381184977481,0.99844398973,0.996224126236,-0.00221986349398,rise
0.381668714762,0.998478550392,0.996294108115,-0.00218444227722,rise
0.382152452043,0.998513111054,0.996364089994,-0.00214902106046,rise
0.382636189324,0.998547671716,0.996434071872,-0.0021135998437,rise
0.383119926606,0.998582232378,0.996504053751,-0.00207817862695,rise
0.383603663887,0.99861679304,0.99657403563,-0.00204275741019,rise
0.384087401168,0.998650653832,0.996644017509,-0.00200663632364,rise
0.384571138449,0.998681340941,0.996713999387,-0.00196734155328,rise
0.38505487573,0.998712028049,0.996783981266,-0.00192804678292,rise
0.385538613011,0.998742715158,0.996853963145,-0.00188875201255,rise
0.386022350292,0.998773402266,0.996923945024,-0.00184945724219,rise
0.386506087573,0.998804089374,0.996993926903,-0.00181016247183,rise
0.386989824854,0.998834776483,0.997063908781,-0.00177086770147,rise
0.387473562135,0.998865463591,0.99713389066,-0.0017315729311,rise
0.387957299416,0.9988961507,0.997203872539,-0.00169227816074,rise
0.388441036697,0.99892348874,0.997273854418,-0.00164963432269,rise
0.388924773978,0.998950502529,0.997343836296,-0.00160666623237,rise
0.389408511259,0.998977516317,0.997413818175,-0.00156369814205,rise
0.38989224854,0.999004530106,0.997483800054,-0.00152073005174,rise
0.390375985822,0.999031543894,0.997553781933,-0.00147776196142,rise
0.390859723103,0.999058557683,0.997623763811,-0.00143479387111,rise
0.391343460384,0.999085571471,0.99769374569,-0.00139182578079,rise
0.391827197665,0.999112585259,0.997763727569,-0.00134885769048,rise
0.392310934946,0.999137359996,0.997833709448,-0.00130365054815,rise
0.392794672227,0.999160890377,0.997903691327,-0.00125719905094,rise
0.393278409508,0.999184420759,0.997973673205,-0.00121074755374,rise
0.393762146789,0.999207951141,0.998043655084,-0.00116429605653,rise
0.39424588407,0.999231481522,0.998113636963,-0.00111784455933,rise
0.394729621351,0.999255011904,0.998183618842,-0.00107139306212,rise
0.395213358632,0.999278542285,0.99825360072,-0.00102494156492,rise
0.395697095913,0.999302072667,0.998323582599,-0.00097849006771,rise
0.396180833194,0.999324368198,0.998379848727,-0.000944519470787,rise
0.396664570475,0.999344595297,0.998412936306,-0.000931658991484,rise
0.397148307756,0.999364822397,0.998446023884,-0.000918798512181,rise
0.397632045038,0.999385049496,0.998479111463,-0.000905938032878,rise
0.398115782319,0.999405276595,0.998512199041,-0.000893077553576,peak
0.3985995196,0.999425503694,0.99854528662,-0.000880217074273,peak
0.399083256881,0.999445730793,0.998578374198,-0.00086735659497,peak
0.399566994162,0.999465957893,0.998611461777,-0.000854496115667,peak
0.400050731443,0.99948585648,0.998644549355,-0.00084130712489,peak
0.400534468724,0.999502951139,0.998677636934,-0.000825314204671,peak
0.401018206005,0.999520045797,0.998710724513,-0.000809321284452,peak
0.401501943286,0.999537140455,0.998743812091,-0.000793328364234,peak
0.401985680567,0.999554235114,0.99877689967,-0.000777335444015,peak
0.402469417848,0.999571329772,0.998809987248,-0.000761342523796,peak
0.402953155129,0.99958842443,0.998843074827,-0.000745349603577,peak
0.40343689241,0.999605519088,0.998876162405,-0.000729356683359,peak
0.403920629691,0.999622613747,0.998909249984,-0.00071336376314,peak
0.404404366972,0.999637225377,0.998942337562,-0.000694887814903,peak
0.404888104254,0.999651349631,0.998975425141,-0.000675924490809,peak
0.405371841535,0.999665473886,0.999008512719,-0.000656961166715,peak
0.405855578816,0.99967959814,0.999041600298,-0.00063799784262,peak
0.406339316097,0.999693722395,0.999074687876,-0.000619034518526,peak
0.406823053378,0.999707846649,0.999107775455,-0.000600071194432,peak
0.407306790659,0.999721970903,0.999140863033,-0.000581107870337,peak
0.40779052794,0.999736095158,0.999173950612,-0.000562144546243,peak
0.408274265221,0.999748622414,0.99920703819,-0.000541584223911,peak
0.408758002502,0.999759929951,0.999240125769,-0.000519804182543,peak
0.409241739783,0.999771237488,0.999273213347,-0.000498024141175,peak
0.409725477064,0.999782545025,0.999306300926,-0.000476244099807,peak
0.410209214345,0.999793852563,0.999339388504,-0.00045446405844,peak
0.410692951626,0.9998051601,0.999372476083,-0.000432684017072,peak
0.411176688907,0.999816467637,0.999405563661,-0.000410903975704,peak
0.411660426188,0.999827775174,0.99943865124,-0.000389123934336,peak
0.41214416347,0.999838286714,0.999471738818,-0.000366547895978,peak
0.412627900751,0.999846923301,0.999504826397,-0.000342096904605,peak
0.413111638032,0.999855559888,0.999537913975,-0.000317645913231,peak
0.413595375313,0.999864196476,0.999571001554,-0.000293194921858,peak
0.414079112594,0.999872833063,0.999604089132,-0.000268743930484,peak
0.414562849875,0.99988146965,0.999637176711,-0.00024429293911,peak
0.415046587156,0.999890106237,0.999670264289,-0.000219841947737,peak
0.415530324437,0.999898742824,0.999703351868,-0.000195390956363,peak
0.416014061718,0.999907305789,0.999735718737,-0.000171587051285,peak
0.416497798999,0.999913409682,0.99974211505,-0.000171294632071,peak
0.41698153628,0.999919513575,0.999748511362,-0.000171002212856,peak
0.417465273561,0.999925617468,0.999754907674,-0.000170709793642,peak
0.417949010842,0.999931721361,0.999761303987,-0.000170417374427,peak
0.418432748123,0.999937825254,0.999767700299,-0.000170124955213,peak
0.418916485405,0.999943929147,0.999774096611,-0.000169832535998,peak
0.419400222686,0.99995003304,0.999780492924,-0.000169540116784,peak
0.419883959967,0.999956136933,0.999786889236,-0.000169247697569,peak
0.420367697248,0.999960415357,0.999793285548,-0.00016712980876,peak
0.420851434529,0.999964117688,0.99979968186,-0.000164435827653,peak
0.42133517181,0.999967820019,0.999806078173,-0.000161741846545,peak
0.421818909091,0.999971522351,0.999812474485,-0.000159047865438,peak
0.422302646372,0.999975224682,0.999818870797,-0.00015635388433,peak
0.422786383653,0.999978927013,0.99982526711,-0.000153659903222,peak
0.423270120934,0.999982629344,0.999831663422,-0.000150965922114,peak
0.423753858215,0.999986331675,0.999838059734,-0.000148271941007,peak
0.424237595496,0.999988915529,0.999844456047,-0.000144459482535,peak
0.424721332777,0.999990340674,0.999850852359,-0.000139488315168,peak
0.425205070058,0.999991765819,0.999857248671,-0.000134517147801,peak
0.425688807339,0.999993190964,0.999863644984,-0.000129545980434,peak
0.426172544621,0.999994616109,0.999870041296,-0.000124574813067,peak
0.426656281902,0.999996041254,0.999876437608,-0.000119603645701,peak
0.427140019183,0.999997466399,0.999882833921,-0.000114632478334,peak
0.427623756464,0.999998891544,0.999889230233,-0.000109661310967,peak
0.428107493745,0.999999836878,0.999895626545,-0.000104210332531,peak
0.428591231026,0.999999102804,0.999902022857,-9.70799464828e-05,peak
0.429074968307,0.99999836873,0.99990841917,-8.99495604343e-05,peak
0.429558705588,0.999997634657,0.999914815482,-8.28191743859e-05,peak
0.430042442869,0.999996900583,0.999921211794,-7.56887883375e-05,peak
0.43052618015,0.999996166509,0.999927608107,-6.85584022891e-05,peak
0.431009917431,0.999995432435,0.999934004419,-6.14280162406e-05,peak
0.431493654712,0.999994698362,0.999940400731,-5.42976301923e-05,peak
0.431977391993,0.999993964288,0.999946797044,-4.71672441439e-05,peak
0.432461129274,0.999991278569,0.999953193356,-3.80852133425e-05,peak
0.432944866555,0.999988497167,0.999959589668,-2.89074983151e-05,peak
0.433428603837,0.999985715764,0.999965985981,-1.97297832879e-05,peak
0.433912341118,0.999982934361,0.999972382293,-1.05520682607e-05,peak
0.434396078399,0.999980152958,0.999978778605,-1.37435323344e-06,peak
0.43487981568,0.999977371556,0.999985174918,7.80336179385e-06,peak
0.435363552961,0.999974590153,0.99999157123,1.6981076821e-05,peak
0.435847290242,0.99997180875,0.999997967542,2.61587918482e-05,peak
0.436331027523,0.999967698957,0.999992516723,2.48177658296e-05,peak
0.436814764804,0.999962976351,0.999981548123,1.8571772094e-05,peak
0.437298502085,0.999958253744,0.999970579523,1.23257783582e-05,peak
0.437782239366,0.999953531138,0.999959610923,6.07978462241e-06,peak
0.438265976647,0.999948808531,0.999948642322,-1.66209113361e-07,peak
0.438749713928,0.999944085925,0.999937673722,-6.41220284903e-06,peak
0.439233451209,0.999939363319,0.999926705122,-1.26581965848e-05,peak
0.43971718849,0.999934640712,0.999915736522,-1.89041903206e-05,peak
0.440200925771,0.999929153614,0.999904767922,-2.43856924917e-05,peak
0.440684663053,0.999922590462,0.999893799321,-2.87911404969e-05,peak
0.441168400334,0.99991602731,0.999882830721,-3.31965885022e-05,peak
0.441652137615,0.999909464157,0.999871862121,-3.76020365075e-05,peak
0.442135874896,0.999902901005,0.999860893521,-4.20074845128e-05,peak
0.442619612177,0.999896337853,0.99984992492,-4.64129325179e-05,peak
0.443103349458,0.999889774701,0.99983895632,-5.08183805232e-05,peak
0.443587086739,0.999883211549,0.99982798772,-5.52238285285e-05,peak
0.44407082402,0.9998763929,0.99981701912,-5.93737801992e-05,peak
0.444554561301,0.999868084675,0.99980605052,-6.20341549619e-05,peak
0.445038298582,0.999859776449,0.999795081919,-6.46945297248e-05,peak
0.445522035863,0.999851468224,0.999784113319,-6.73549044876e-05,peak
0.446005773144,0.999843159998,0.999773144719,-7.00152792505e-05,peak
0.446489510425,0.999834851773,0.999762176119,-7.26756540133e-05,peak
0.446973247706,0.999826543547,0.999751207519,-7.53360287761e-05,peak
0.447456984987,0.999818235322,0.999740238918,-7.7996403539e-05,peak
0.447940722269,0.999809927096,0.999729270318,-8.06567783017e-05,peak
0.44842445955,0.999800167099,0.999718301718,-8.18653807132e-05,peak
0.448908196831,0.999790204354,0.999707333118,-8.28712364279e-05,peak
0.449391934112,0.99978024161,0.999696364517,-8.38770921427e-05,peak
0.449875671393,0.999770278865,0.999685395917,-8.48829478574e-05,peak
0.450359408674,0.999760316121,0.999674427317,-8.58888035721e-05,peak
0.450843145955,0.999750353376,0.999663458717,-8.68946592869e-05,peak
0.451326883236,0.999740390632,0.999652490117,-8.79005150016e-05,peak
0.451810620517,0.999730427887,0.999641521516,-8.89063707162e-05,peak
0.452294357798,0.99971951062,0.999630552916,-8.89577034668e-05,peak
0.452778095079,0.999707979246,0.999619584316,-8.83949296218e-05,peak
0.45326183236,0.999696447872,0.999608615716,-8.78321557767e-05,peak
0.453745569641,0.999684916497,0.999597647116,-8.72693819314e-05,peak
0.454229306922,0.999673385123,0.999586678515,-8.67066080863e-05,peak
0.454713044204,0.999661853749,0.999575709915,-8.61438342411e-05,peak
0.455196781485,0.999650322375,0.999564741315,-8.5581060396e-05,peak
0.455680518766,0.999638791001,0.999553772715,-8.50182865507e-05,peak
0.456164256047,0.999626754651,0.999538809085,-8.79455656309e-05,peak
0.456647993328,0.999613736113,0.999516002979,-9.77331335419e-05,peak
0.457131730609,0.999600717574,0.999493196873,-0.000107520701453,peak
0.45761546789,0.999587699036,0.999470390767,-0.000117308269364,peak
0.458099205171,0.999574680497,0.99944758466,-0.000127095837275,decay
0.458582942452,0.999561661959,0.999424778554,-0.000136883405186,decay
0.459066679733,0.999548643421,0.999401972448,-0.000146670973097,decay
0.459550417014,0.999535624882,0.999379166341,-0.000156458541008,decay
0.460034154295,0.999522506798,0.999356360235,-0.000166146563174,decay
0.460517891576,0.999508078364,0.999333554129,-0.000174524235549,decay
0.461001628857,0.99949364993,0.999310748022,-0.000182901907924,decay
0.461485366138,0.999479221496,0.999287941916,-0.0001912795803,decay
0.46196910342,0.999464793062,0.99926513581,-0.000199657252675,decay
0.462452840701,0.999450364628,0.999242329703,-0.00020803492505,decay
0.462936577982,0.999435936194,0.999219523597,-0.000216412597425,decay
0.463420315263,0.99942150776,0.999196717491,-0.000224790269801,decay
0.463904052544,0.999407079327,0.999173911384,-0.000233167942176,decay
0.464387789825,0.999391579397,0.999151105278,-0.000240474118614,decay
0.464871527106,0.999375814356,0.999128299172,-0.000247515184152,decay
0.465355264387,0.999360049315,0.999105493065,-0.000254556249689,decay
0.465839001668,0.999344284274,0.999082686959,-0.000261597315227,decay
0.466322738949,0.999328519233,0.999059880853,-0.000268638380765,decay
0.46680647623,0.999312754193,0.999037074746,-0.000275679446302,decay
0.467290213511,0.999296989152,0.99901426864,-0.00028272051184,decay
0.467773950792,0.999281224111,0.998991462534,-0.000289761577378,decay
0.468257688073,0.999264784087,0.998968656427,-0.000296127659206,decay
0.468741425354,0.999247751953,0.998945850321,-0.000301901631625,decay
0.469225162636,0.999230719819,0.998923044215,-0.000307675604044,decay
0.469708899917,0.999213687685,0.998900238108,-0.000313449576464,decay
0.470192637198,0.999196655551,0.998877432002,-0.000319223548883,decay
0.470676374479,0.999179623417,0.998854625896,-0.000324997521302,decay
0.47116011176,0.999162591283,0.99883181979,-0.000330771493721,decay
0.471643849041,0.999145559149,0.998809013683,-0.00033654546614,decay
0.472127586322,0.999128210208,0.998786207577,-0.000342002631112,decay
0.472611323603,0.999109976914,0.998763401471,-0.000346575443632,decay
0.473095060884,0.99909174362,0.998740595364,-0.000351148256152,decay
0.473578798165,0.999073510327,0.998717789258,-0.000355721068672,decay
0.474062535446,0.999055277033,0.998694983152,-0.000360293881192,decay
0.474546272727,0.999037043739,0.998672177045,-0.000364866693711,decay
0.475030010008,0.999018810445,0.998649370939,-0.000369439506231,decay
0.475513747289,0.999000577151,0.998626564833,-0.000374012318751,decay
0.47599748457,0.998982343858,0.998603758726,-0.000378585131271,decay
0.476481221852,0.998962977862,0.998575503882,-0.00038747398022,decay
0.476964959133,0.998943605945,0.99854720915,-0.000396396795437,decay
0.477448696414,0.998924234029,0.998518914418,-0.000405319610654,decay
0.477932433695,0.998904862112,0.998490619687,-0.000414242425871,decay
0.478416170976,0.998885490196,0.998462324955,-0.000423165241088,decay
0.478899908257,0.99886611828,0.998434030223,-0.000432088056306,decay
0.479383645538,0.998846746363,0.998405735492,-0.000441010871523,decay
0.479867382819,0.998827374447,0.99837744076,-0.00044993368674,decay
0.4803511201,0.998807219117,0.998349146028,-0.00045807308869,decay
0.480834857381,0.998786767894,0.998320851296,-0.000465916597413,decay
0.481318594662,0.998766316671,0.998292556565,-0.000473760106137,decay
0.481802331943,0.998745865448,0.998264261833,-0.00048160361486,decay
0.482286069224,0.998725414225,0.998235967101,-0.000489447123584,decay
0.482769806505,0.998704963002,0.99820767237,-0.000497290632307,decay
0.483253543786,0.998684511779,0.998179377638,-0.000505134141031,decay
0.483737281068,0.998664060556,0.998151082906,-0.000512977649755,decay
0.484221018349,0.998643141906,0.998122788175,-0.000520353731559,decay
0.48470475563,0.998621667638,0.998094493443,-0.000527174194781,decay
0.485188492911,0.998600193369,0.998066198711,-0.000533994658004,decay
0.485672230192,0.998578719101,0.99803790398,-0.000540815121227,decay
0.486155967473,0.998557244832,0.998009609248,-0.000547635584449,decay
0.486639704754,0.998535770564,0.997981314516,-0.000554456047672,decay
0.487123442035,0.998514296295,0.997953019785,-0.000561276510895,decay
0.487607179316,0.998492822027,0.997924725053,-0.000568096974118,decay
0.488090916597,0.99847116551,0.997896430321,-0.000574735189262,decay
0.488574653878,0.99844872156,0.997868135589,-0.000580585970462,decay
0.489058391159,0.998426277609,0.997839840858,-0.000586436751662,decay
0.48954212844,0.998403833659,0.997811546126,-0.000592287532862,decay
0.490025865721,0.998381389708,0.997783251394,-0.000598138314062,decay
0.490509603003,0.998358945758,0.997754956663,-0.000603989095262,decay
0.490993340284,0.998336501807,0.997726661931,-0.000609839876462,decay
0.491477077565,0.998314057857,0.997698367199,-0.000615690657662,decay
0.491960814846,0.998291613906,0.997670072468,-0.000621541438862,decay
0.492444552127,0.998268325338,0.997641777736,-0.000626547601965,decay
0.492928289408,0.99824496232,0.997613483004,-0.000631479316002,decay
0.493412026689,0.998221599303,0.997585188273,-0.000636411030039,decay
0.49389576397,0.998198236285,0.997556893541,-0.000641342744076,decay
0.494379501251,0.998174873267,0.997528598809,-0.000646274458113,decay
0.494863238532,0.99815151025,0.997500304077,-0.00065120617215,decay
0.495346975813,0.998128147232,0.997472009346,-0.000656137886187,decay
0.495830713094,0.998104784214,0.997443714614,-0.000661069600224,decay
0.496314450375,0.99808085497,0.997413700443,-0.000667154527018,decay
0.496798187656,0.998056620894,0.99738275216,-0.000673868733937,decay
0.497281924937,0.998032386817,0.997351803876,-0.000680582940855,decay
0.497765662219,0.99800815274,0.997320855592,-0.000687297147773,decay
0.4982493995,0.997983918664,0.997289907309,-0.000694011354692,decay
0.498733136781,0.997959684587,0.997258959025,-0.00070072556161,decay
0.499216874062,0.99793545051,0.997228010742,-0.000707439768528,decay
0.499700611343,0.997911216434,0.997197062458,-0.000714153975447,decay
0.500184348624,0.997886667756,0.997166114175,-0.000720553581638,decay
0.500668085905,0.997861608156,0.997135165891,-0.000726442265169,decay
0.501151823186,0.997836548556,0.997104217607,-0.0007323309487,decay
0.501635560467,0.997811488956,0.997073269324,-0.000738219632231,decay
0.502119297748,0.997786429356,0.99704232104,-0.000744108315762,decay
0.502603035029,0.997761369756,0.997011372757,-0.000749996999293,decay
0.50308677231,0.997736310156,0.996980424473,-0.000755885682824,decay
0.503570509591,0.997711250556,0.996949476189,-0.000761774366355,decay
0.504054246872,0.997686103224,0.996918527906,-0.000767575318133,decay
0.504537984153,0.997660261291,0.996887579622,-0.00077268166864,decay
0.505021721435,0.997634419358,0.996856631339,-0.000777788019148,decay
0.505505458716,0.997608577425,0.996825683055,-0.000782894369655,decay
0.505989195997,0.997582735492,0.996794734771,-0.000788000720162,decay
0.506472933278,0.997556893559,0.996763786488,-0.00079310707067,decay
0.506956670559,0.997531051625,0.996732838204,-0.000798213421177,decay
0.50744040784,0.997505209692,0.996701889921,-0.000803319771685,decay
0.507924145121,0.997479367759,0.996670941637,-0.000808426122192,decay
0.508407882402,0.997452900713,0.996639993354,-0.000812907359526,decay
0.508891619683,0.997426317413,0.99660904507,-0.000817272343048,decay
0.509375356964,0.997399734113,0.996578096786,-0.00082163732657,decay
0.509859094245,0.997373150813,0.996547148503,-0.000826002310093,decay
0.510342831526,0.997346567513,0.996516200219,-0.000830367293615,decay
0.510826568807,0.997319984213,0.996485251936,-0.000834732277137,decay
0.511310306088,0.997293400913,0.996454303652,-0.000839097260659,decay
0.511794043369,0.997266817613,0.996423355368,-0.000843462244181,decay
0.512277780651,0.997239830904,0.996392407085,-0.000847423818812,decay
0.512761517932,0.997212545093,0.996361458801,-0.000851086291487,decay
0.513245255213,0.997185259282,0.996330510518,-0.000854748764162,decay
0.513728992494,0.997157973471,0.996299562234,-0.000858411236837,decay
0.514212729775,0.99713068766,0.99626861395,-0.000862073709513,decay
0.514696467056,0.997103401849,0.996237665667,-0.000865736182188,decay
0.515180204337,0.997076116038,0.996206717383,-0.000869398654863,decay
0.515663941618,0.997048830227,0.9961757691,-0.000873061127538,decay
0.516147678899,0.9970213412,0.996144691476,-0.000876649724032,decay
0.51663141618,0.996993389733,0.996113316637,-0.000880073096146,decay
0.517115153461,0.996965438267,0.996081941799,-0.00088349646826,decay
0.517598890742,0.9969374868,0.99605056696,-0.000886919840374,decay
0.518082628023,0.996909535334,0.996019192121,-0.000890343212488,decay
0.518566365304,0.996881583867,0.995987817283,-0.000893766584601,decay
0.519050102585,0.996853632401,0.995956442444,-0.000897189956715,decay
0.519533839867,0.996825680934,0.995925067605,-0.000900613328829,decay
0.520017577148,0.99679770655,0.995893692767,-0.000904013783783,decay
0.520501314429,0.996769124385,0.995862317928,-0.000906806457163,decay
0.52098505171,0.99674054222,0.995830943089,-0.000909599130544,decay
0.521468788991,0.996711960054,0.995799568251,-0.000912391803925,decay
0.521952526272,0.996683377889,0.995768193412,-0.000915184477306,decay
0.522436263553,0.996654795724,0.995736818573,-0.000917977150687,decay
0.522920000834,0.996626213559,0.995705443735,-0.000920769824068,decay
0.523403738115,0.996597631393,0.995674068896,-0.000923562497448,decay
0.523887475396,0.996569049228,0.995642694057,-0.000926355170829,decay
0.524371212677,0.996540008518,0.995611319219,-0.000928689299537,decay
0.524854949958,0.996510828811,0.99557994438,-0.000930884430951,decay
0.525338687239,0.996481649104,0.995548569541,-0.000933079562365,decay
0.52582242452,0.996452469396,0.995517194703,-0.000935274693778,decay
0.526306161802,0.996423289689,0.995485819864,-0.000937469825192,decay
0.526789899083,0.996394109982,0.995454445025,-0.000939664956606,decay
0.527273636364,0.996364930274,0.995423070186,-0.00094186008802,decay
0.527757373645,0.996335750567,0.995391695348,-0.000944055219434,decay
0.528241110926,0.9963062887,0.995360320509,-0.000945968191124,decay
0.528724848207,0.9962765429,0.99532894567,-0.000947597229661,decay
0.529208585488,0.9962467971,0.995297570832,-0.000949226268197,decay
0.529692322769,0.9962170513,0.995266195993,-0.000950855306734,decay
0.53017606005,0.9961873055,0.995234821154,-0.000952484345271,decay
0.530659797331,0.9961575597,0.995203446316,-0.000954113383808,decay
0.531143534612,0.996127813899,0.995172071477,-0.000955742422344,decay
0.531627271893,0.996098068099,0.995140696638,-0.000957371460881,decay
0.532111009174,0.996068199236,0.9951093218,-0.000958877436457,decay
0.532594746455,0.996037917173,0.995077946961,-0.000959970211729,decay
0.533078483736,0.996007635109,0.995046572122,-0.000961062987001,decay
0.533562221018,0.995977353046,0.995015197284,-0.000962155762273,decay
0.534045958299,0.995947070983,0.994983822445,-0.000963248537545,decay
0.53452969558,0.995916788919,0.994952447606,-0.000964341312817,decay
0.535013432861,0.995886506856,0.994921072768,-0.000965434088088,decay
0.535497170142,0.995856224792,0.994889697929,-0.000966526863361,decay
0.535980907423,0.995825942729,0.99485832309,-0.000967619638632,decay
0.536464644704,0.995795172745,0.994826546093,-0.000968626651969,decay
0.536948381985,0.995764382711,0.994794751667,-0.000969631044314,decay
0.537432119266,0.995733592678,0.994762957241,-0.00097063543666,decay
0.537915856547,0.995702802644,0.994731162815,-0.000971639829005,decay
0.538399593828,0.995672012611,0.99469936839,-0.000972644221351,decay
0.538883331109,0.995641222578,0.994667573964,-0.000973648613696,decay
0.53936706839,0.995610432544,0.994635779538,-0.000974653006042,decay
0.539850805671,0.995579642511,0.994603985112,-0.000975657398388,decay
0.540334542952,0.995548519735,0.994572190687,-0.000976329048294,decay
0.540818280234,0.995517248568,0.994540396261,-0.000976852306838,decay
0.541302017515,0.9954859774,0.994508601835,-0.000977375565382,decay
0.541785754796,0.995454706233,0.994476807409,-0.000977898823925,decay
0.542269492077,0.995423435066,0.994445012983,-0.000978422082469,decay
0.542753229358,0.995392163899,0.994413218558,-0.000978945341012,decay
0.543236966639,0.995360892732,0.994381424132,-0.000979468599556,decay
0.54372070392,0.995329621564,0.994349629706,-0.000979991858099,decay
0.544204441201,0.995298157814,0.99431783528,-0.000980322533392,decay
0.544688178482,0.995266430967,0.994286040855,-0.000980390112271,decay
0.545171915763,0.99523470412,0.994254246429,-0.00098045769115,decay
0.545655653044,0.995202977273,0.994222452003,-0.000980525270028,decay
0.546139390325,0.995171250426,0.994190657577,-0.000980592848907,decay
0.546623127606,0.995139523579,0.994158863152,-0.000980660427786,decay
0.547106864887,0.995107796733,0.994127068726,-0.000980728006664,decay
0.547590602168,0.995076069886,0.9940952743,-0.000980795585543,decay
0.54807433945,0.995044276721,0.994063479874,-0.000980796847062,decay
0.548558076731,0.995012118338,0.994031685449,-0.000980432889532,decay
0.549041814012,0.994979959955,0.993999891023,-0.000980068932002,decay
0.549525551293,0.994947801572,0.993968096597,-0.000979704974472,decay
0.550009288574,0.994915643188,0.993936302171,-0.000979341016941,decay
0.550493025855,0.994883484805,0.993904507746,-0.000978977059411,decay
0.550976763136,0.994851326422,0.99387271332,-0.000978613101881,decay
0.551460500417,0.994819168038,0.993840918894,-0.000978249144351,decay
0.551944237698,0.994787009655,0.993809124468,-0.00097788518682,decay
0.552427974979,0.99475448974,0.993777330043,-0.00097715969797,decay
0.55291171226,0.994721922721,0.993745535617,-0.000976387103986,decay
0.553395449541,0.994689355701,0.993713741191,-0.000975614510002,decay
0.553879186822,0.994656788681,0.993681946765,-0.000974841916019,decay
0.554362924103,0.994624221662,0.993650152339,-0.000974069322035,decay
0.554846661384,0.994591654642,0.993618357914,-0.000973296728051,decay
0.555330398666,0.994559087622,0.993586563488,-0.000972524134067,decay
0.555814135947,0.994526520602,0.993554769062,-0.000971751540083,decay
0.556297873228,0.994493715329,0.993523236966,-0.000970478363948,decay
0.556781610509,0.994460761394,0.993491869989,-0.000968891404403,decay
0.55726534779,0.994427807458,0.993460503013,-0.000967304444857,decay
0.557749085071,0.994394853523,0.993429136037,-0.000965717485312,decay
0.558232822352,0.994361899587,0.993397769061,-0.000964130525766,decay
0.558716559633,0.994328945651,0.993366402085,-0.000962543566221,decay
0.559200296914,0.994295991716,0.993335035109,-0.000960956606675,decay
0.559684034195,0.99426303778,0.993303668133,-0.00095936964713,decay
0.560167771476,0.994229956798,0.993272301157,-0.000957655641258,decay
0.560651508757,0.994196636548,0.993240934181,-0.000955702367689,decay
0.561135246038,0.994163316299,0.993209567205,-0.00095374909412,decay
0.561618983319,0.994129996049,0.993178200228,-0.000951795820551,decay
0.562102720601,0.994096675799,0.993146833252,-0.000949842546982,decay
0.562586457882,0.99406335555,0.993115466276,-0.000947889273413,decay
0.563070195163,0.9940300353,0.9930840993,-0.000945935999844,decay
0.563553932444,0.99399671505,0.993052732324,-0.000943982726274,decay
0.564037669725,0.993963367797,0.993021365348,-0.000942002448697,decay
0.564521407006,0.993929700774,0.992989998372,-0.00093970240207,decay
0.565005144287,0.993896033751,0.992958631396,-0.000937402355443,decay
0.565488881568,0.993862366728,0.99292726442,-0.000935102308817,decay
0.565972618849,0.993828699706,0.992895897444,-0.00093280226219,decay
0.56645635613,0.993795032683,0.992864530467,-0.000930502215563,decay
0.566940093411,0.99376136566,0.992833163491,-0.000928202168937,decay
0.567423830692,0.993727698638,0.992801796515,-0.00092590212231,decay
0.567907567973,0.993694031615,0.992770429539,-0.000923602075683,decay
0.568391305254,0.993660099073,0.992739062563,-0.000921036510069,decay
0.568875042535,0.993626103812,0.992707695587,-0.000918408224985,decay
0.569358779817,0.993592108551,0.992676328611,-0.000915779939901,decay
0.569842517098,0.99355811329,0.992644961635,-0.000913151654817,decay
0.570326254379,0.993524118028,0.992613594659,-0.000910523369733,decay
0.57080999166,0.993490122767,0.992582227683,-0.000907895084648,decay
0.571293728941,0.993456127506,0.992550860706,-0.000905266799564,decay
0.571777466222,0.993422132245,0.99251949373,-0.00090263851448,decay
0.572261203503,0.993387969238,0.992488126754,-0.000899842483275,decay
0.572744940784,0.993353663318,0.992456759778,-0.000896903539829,decay
0.573228678065,0.993319357398,0.992425392802,-0.000893964596383,decay
0.573712415346,0.993285051479,0.992394025826,-0.000891025652937,decay
0.574196152627,0.993250745559,0.99236265885,-0.000888086709491,decay
0.574679889908,0.99321643964,0.992331291874,-0.000885147766045,decay
0.575163627189,0.99318213372,0.992299924898,-0.000882208822599,decay
0.57564736447,0.993147827801,0.992268557922,-0.000879269879153,decay
0.576131101751,0.993113442206,0.992237198769,-0.000876243437375,decay
0.576614839033,0.993078842303,0.992205860881,-0.000872981422018,decay
0.577098576314,0.993044242399,0.992174522993,-0.00086971940666,decay
0.577582313595,0.993009642496,0.992143185105,-0.000866457391303,decay
0.578066050876,0.992975042593,0.992111847217,-0.000863195375946,decay
0.578549788157,0.992940442689,0.992080509329,-0.000859933360588,decay
0.579033525438,0.992905842786,0.992049171441,-0.000856671345231,decay
0.579517262719,0.992871242883,0.992017833553,-0.000853409329874,decay
0.580001,0.99283664234,0.991986495665,-0.000850146674687,decay
