case,power_fraction,power_W,trace,temperature_K,temperature_mK,source
historical,0.95,3.042854524009381e-10,TES_trace,0.16620012261134895,166.20012261134895,area-weighted native captured primal trace
historical,0.95,3.042854524009381e-10,Membrane_trace,0.16145529883543303,161.455298835433,area-weighted native captured primal trace
historical,0.95,3.042854524009381e-10,Si1_branch_entry,0.16143362445212356,161.43362445212355,area-weighted native captured primal trace
historical,0.95,3.042854524009381e-10,Si1_branch_exit,0.1500001137544383,150.0001137544383,area-weighted native captured primal trace
historical,0.95,3.042854524009381e-10,Si2_branch_entry,0.16118729064942033,161.18729064942033,area-weighted native captured primal trace
historical,0.95,3.042854524009381e-10,Si2_branch_exit,0.1500000867940774,150.0000867940774,area-weighted native captured primal trace
historical,0.95,3.042854524009381e-10,SiO2_2_bath_side,0.15000007035558946,150.00007035558946,area-weighted native captured primal trace
historical,0.95,3.042854524009381e-10,bath,0.15000000000000008,150.00000000000009,area-weighted native captured primal trace
historical,1.0,3.203004762115138e-10,TES_trace,0.16705275952514445,167.05275952514444,area-weighted native captured primal trace
historical,1.0,3.203004762115138e-10,Membrane_trace,0.16205820856469416,162.05820856469416,area-weighted native captured primal trace
historical,1.0,3.203004762115138e-10,Si1_branch_entry,0.16203539342552642,162.03539342552642,area-weighted native captured primal trace
historical,1.0,3.203004762115138e-10,Si1_branch_exit,0.15000011974150737,150.00011974150738,area-weighted native captured primal trace
historical,1.0,3.203004762115138e-10,Si2_branch_entry,0.1617760946989896,161.7760946989896,area-weighted native captured primal trace
historical,1.0,3.203004762115138e-10,Si2_branch_exit,0.15000009136218165,150.00009136218165,area-weighted native captured primal trace
historical,1.0,3.203004762115138e-10,SiO2_2_bath_side,0.15000007405851085,150.00007405851085,area-weighted native captured primal trace
historical,1.0,3.203004762115138e-10,bath,0.15000000000000008,150.00000000000009,area-weighted native captured primal trace
historical,1.05,3.3631550002208954e-10,TES_trace,0.16790539643890753,167.90539643890753,area-weighted native captured primal trace
historical,1.05,3.3631550002208954e-10,Membrane_trace,0.16266111829395263,162.66111829395263,area-weighted native captured primal trace
historical,1.05,3.3631550002208954e-10,Si1_branch_entry,0.16263716239892542,162.63716239892543,area-weighted native captured primal trace
historical,1.05,3.3631550002208954e-10,Si1_branch_exit,0.15000012572857727,150.00012572857727,area-weighted native captured primal trace
historical,1.05,3.3631550002208954e-10,Si2_branch_entry,0.16236489874855492,162.3648987485549,area-weighted native captured primal trace
historical,1.05,3.3631550002208954e-10,Si2_branch_exit,0.15000009593028607,150.00009593028608,area-weighted native captured primal trace
historical,1.05,3.3631550002208954e-10,SiO2_2_bath_side,0.1500000777614331,150.0000777614331,area-weighted native captured primal trace
historical,1.05,3.3631550002208954e-10,bath,0.15000000000000008,150.00000000000009,area-weighted native captured primal trace
refined_mortar_parent,0.95,3.042854524009381e-10,TES_trace,0.16499021701237912,164.99021701237913,area-weighted native captured primal trace
refined_mortar_parent,0.95,3.042854524009381e-10,Membrane_trace,0.16499021701237918,164.99021701237916,area-weighted native captured primal trace
refined_mortar_parent,0.95,3.042854524009381e-10,Si1_branch_entry,0.16053213653272963,160.53213653272962,area-weighted native captured primal trace
refined_mortar_parent,0.95,3.042854524009381e-10,Si1_branch_exit,0.15000011169273691,150.0001116927369,area-weighted native captured primal trace
refined_mortar_parent,0.95,3.042854524009381e-10,Si2_branch_entry,0.150286780446336,150.286780446336,area-weighted native captured primal trace
refined_mortar_parent,0.95,3.042854524009381e-10,Si2_branch_exit,0.15000008679427518,150.00008679427518,area-weighted native captured primal trace
refined_mortar_parent,0.95,3.042854524009381e-10,SiO2_2_bath_side,0.15000000000000507,150.0000000000051,area-weighted native captured primal trace
refined_mortar_parent,0.95,3.042854524009381e-10,bath,0.15000007433615545,150.00007433615545,area-weighted native captured primal trace
refined_mortar_parent,1.0,3.203004762115138e-10,TES_trace,0.1657791735726181,165.7791735726181,area-weighted native captured primal trace
refined_mortar_parent,1.0,3.203004762115138e-10,Membrane_trace,0.16577917357261815,165.77917357261816,area-weighted native captured primal trace
refined_mortar_parent,1.0,3.203004762115138e-10,Si1_branch_entry,0.16108645794139576,161.08645794139576,area-weighted native captured primal trace
refined_mortar_parent,1.0,3.203004762115138e-10,Si1_branch_exit,0.15000011757128387,150.00011757128388,area-weighted native captured primal trace
refined_mortar_parent,1.0,3.203004762115138e-10,Si2_branch_entry,0.15030187411137574,150.30187411137575,area-weighted native captured primal trace
refined_mortar_parent,1.0,3.203004762115138e-10,Si2_branch_exit,0.15000009136238066,150.00009136238066,area-weighted native captured primal trace
refined_mortar_parent,1.0,3.203004762115138e-10,SiO2_2_bath_side,0.15000000000000507,150.0000000000051,area-weighted native captured primal trace
refined_mortar_parent,1.0,3.203004762115138e-10,bath,0.15000007824857392,150.0000782485739,area-weighted native captured primal trace
refined_mortar_parent,1.05,3.3631550002208954e-10,TES_trace,0.1665681301328574,166.5681301328574,area-weighted native captured primal trace
refined_mortar_parent,1.05,3.3631550002208954e-10,Membrane_trace,0.16656813013285743,166.56813013285742,area-weighted native captured primal trace
refined_mortar_parent,1.05,3.3631550002208954e-10,Si1_branch_entry,0.16164077935006216,161.64077935006216,area-weighted native captured primal trace
refined_mortar_parent,1.05,3.3631550002208954e-10,Si1_branch_exit,0.15000012344982921,150.0001234498292,area-weighted native captured primal trace
refined_mortar_parent,1.05,3.3631550002208954e-10,Si2_branch_entry,0.15031696777641557,150.31696777641557,area-weighted native captured primal trace
refined_mortar_parent,1.05,3.3631550002208954e-10,Si2_branch_exit,0.1500000959304861,150.0000959304861,area-weighted native captured primal trace
refined_mortar_parent,1.05,3.3631550002208954e-10,SiO2_2_bath_side,0.15000000000000507,150.0000000000051,area-weighted native captured primal trace
refined_mortar_parent,1.05,3.3631550002208954e-10,bath,0.15000008216099228,150.0000821609923,area-weighted native captured primal trace
membrane_substrate_control,0.95,3.042854524009381e-10,TES_trace,0.16552654601290398,165.526546012904,area-weighted native captured primal trace
membrane_substrate_control,0.95,3.042854524009381e-10,Membrane_trace,0.16552648452577262,165.52648452577262,area-weighted native captured primal trace
membrane_substrate_control,0.95,3.042854524009381e-10,Si1_branch_entry,0.16091239467054863,160.91239467054862,area-weighted native captured primal trace
membrane_substrate_control,0.95,3.042854524009381e-10,Si1_branch_exit,0.15000011558349335,150.00011558349337,area-weighted native captured primal trace
membrane_substrate_control,0.95,3.042854524009381e-10,Si2_branch_entry,0.15029713169980713,150.29713169980712,area-weighted native captured primal trace
membrane_substrate_control,0.95,3.042854524009381e-10,Si2_branch_exit,0.150000086790988,150.000086790988,area-weighted native captured primal trace
membrane_substrate_control,0.95,3.042854524009381e-10,SiO2_2_bath_side,0.15000000000000568,150.00000000000568,area-weighted native captured primal trace
membrane_substrate_control,0.95,3.042854524009381e-10,bath,0.15000007450468011,150.00007450468013,area-weighted native captured primal trace
membrane_substrate_control,1.0,3.203004762115138e-10,TES_trace,0.16634375833222656,166.34375833222657,area-weighted native captured primal trace
membrane_substrate_control,1.0,3.203004762115138e-10,Membrane_trace,0.16634369360576218,166.34369360576218,area-weighted native captured primal trace
membrane_substrate_control,1.0,3.203004762115138e-10,Si1_branch_entry,0.1614867492837821,161.4867492837821,area-weighted native captured primal trace
membrane_substrate_control,1.0,3.203004762115138e-10,Si1_branch_exit,0.15000012166702448,150.00012166702447,area-weighted native captured primal trace
membrane_substrate_control,1.0,3.203004762115138e-10,Si2_branch_entry,0.15031277070184773,150.31277070184774,area-weighted native captured primal trace
membrane_substrate_control,1.0,3.203004762115138e-10,Si2_branch_exit,0.1500000913590775,150.0000913590775,area-weighted native captured primal trace
membrane_substrate_control,1.0,3.203004762115138e-10,SiO2_2_bath_side,0.15000000000000568,150.00000000000568,area-weighted native captured primal trace
membrane_substrate_control,1.0,3.203004762115138e-10,bath,0.15000007842610408,150.00007842610407,area-weighted native captured primal trace
membrane_substrate_control,1.05,3.3631550002208954e-10,TES_trace,0.16716097065154864,167.16097065154864,area-weighted native captured primal trace
membrane_substrate_control,1.05,3.3631550002208954e-10,Membrane_trace,0.16716090268575118,167.16090268575118,area-weighted native captured primal trace
membrane_substrate_control,1.05,3.3631550002208954e-10,Si1_branch_entry,0.16206110389701667,162.06110389701666,area-weighted native captured primal trace
membrane_substrate_control,1.05,3.3631550002208954e-10,Si1_branch_exit,0.15000012775055596,150.00012775055598,area-weighted native captured primal trace
membrane_substrate_control,1.05,3.3631550002208954e-10,Si2_branch_entry,0.15032840970388592,150.3284097038859,area-weighted native captured primal trace
membrane_substrate_control,1.05,3.3631550002208954e-10,Si2_branch_exit,0.15000009592716526,150.00009592716526,area-weighted native captured primal trace
membrane_substrate_control,1.05,3.3631550002208954e-10,SiO2_2_bath_side,0.15000000000000568,150.00000000000568,area-weighted native captured primal trace
membrane_substrate_control,1.05,3.3631550002208954e-10,bath,0.15000008234752477,150.00008234752477,area-weighted native captured primal trace
